Start (ns),Duration (ns),CorrId,GrdX,GrdY,GrdZ,BlkX,BlkY,BlkZ,Reg/Trd,StcSMem (MB),DymSMem (MB),Bytes (MB),Throughput (MBps),SrcMemKd,DstMemKd,Device,Ctx,Strm,Name
2578937946,2912,964,1,1,1,256,1,1,31,0.000,0.000,None,,None,None,NVIDIA A100-SXM4-80GB (0),1,20,"void phi::funcs::DistributionKernel<float, phi::funcs::uniform_distribution<float>, phi::funcs::uniform_real_transform<float>>(unsigned long, unsigned long, unsigned long, T2, T3, T1 *, unsigned long)"
2579437656,2688,969,1,1,1,256,1,1,31,0.000,0.000,None,,None,None,NVIDIA A100-SXM4-80GB (0),1,20,"void phi::funcs::DistributionKernel<float, phi::funcs::uniform_distribution<float>, phi::funcs::uniform_real_transform<float>>(unsigned long, unsigned long, unsigned long, T2, T3, T1 *, unsigned long)"
2579839638,2656,974,6,1,1,256,1,1,31,0.000,0.000,None,,None,None,NVIDIA A100-SXM4-80GB (0),1,20,"void phi::funcs::DistributionKernel<float, phi::funcs::uniform_distribution<float>, phi::funcs::uniform_real_transform<float>>(unsigned long, unsigned long, unsigned long, T2, T3, T1 *, unsigned long)"
2580110325,2368,979,6,1,1,256,1,1,31,0.000,0.000,None,,None,None,NVIDIA A100-SXM4-80GB (0),1,20,"void phi::funcs::DistributionKernel<float, phi::funcs::uniform_distribution<float>, phi::funcs::uniform_real_transform<float>>(unsigned long, unsigned long, unsigned long, T2, T3, T1 *, unsigned long)"
2580925745,2240,984,1,1,1,256,1,1,31,0.000,0.000,None,,None,None,NVIDIA A100-SXM4-80GB (0),1,20,"void phi::funcs::DistributionKernel<float, phi::funcs::uniform_distribution<float>, phi::funcs::uniform_real_transform<float>>(unsigned long, unsigned long, unsigned long, T2, T3, T1 *, unsigned long)"
7905810526,4288,1066,2,1,1,16,1,1,48,0.000,0.000,None,,None,None,NVIDIA A100-SXM4-80GB (0),1,20,"void phi::VecReduceKernel<(int)128, (int)4, phi::ReduceExecutor<float, phi::kps::MeanOps<float, float, float>, float, (int)4, (int)4>>(T3)"
7925002918,2496,2460,None,None,None,None,None,None,None,None,None,0.021,8307.692,Device,None,NVIDIA A100-SXM4-80GB (0),1,21,[CUDA memset]
8153764116,3456,5370,3,1,1,128,1,1,47,0.002,0.000,None,,None,None,NVIDIA A100-SXM4-80GB (0),1,20,"void gemv2T_kernel_val<int, int, float, float, float, float, (int)128, (int)16, (int)2, (int)2, (bool)0, (bool)0, cublasGemvParamsEx<int, cublasGemvTensorStridedBatched<const float>, cublasGemvTensorStridedBatched<const float>, cublasGemvTensorStridedBatched<float>, float>>(T13, T6, T6)"
8154162322,2432,5376,1,1,1,32,1,1,16,0.000,0.000,None,,None,None,NVIDIA A100-SXM4-80GB (0),1,20,fn_reshape_gs_bc_add_full_gs_bc_max__11008249055510313070_COND__FPA__FPA__FPA__FPA_S0MUL18ll_BPA_GE1ll_BPA_AND_FPA__FPA_S0MUL18ll_BPA_LE1023ll_BPA__BPA_AND_FPA__FPA_S0MUL18ll_BPA_LE2147483647ll_BPA__BPA___kernel
8185365348,3584,5475,3,1,1,4,32,1,159,0.000,0.001,None,,None,None,NVIDIA A100-SXM4-80GB (0),1,20,"std::enable_if<!T7, void>::type internal::gemvx::kernel<int, int, float, float, float, float, (bool)0, (bool)1, (bool)1, (bool)0, (int)7, (bool)0, cublasGemvParamsEx<int, cublasGemvTensorStridedBatched<const float>, cublasGemvTensorStridedBatched<const float>, cublasGemvTensorStridedBatched<float>, float>>(T13)"
8185642563,2432,5480,3,1,1,32,1,1,16,0.000,0.000,None,,None,None,NVIDIA A100-SXM4-80GB (0),1,20,fn_reshape_gs_bc_add_full_full_full_full_gs_bc_mul_gs_bc_add_gs_bc_min_gs_bc_max_gs_bc_mul__17594470531925998404_COND__FPA__FPA__FPA__FPA__FPA__FPA_S0MULS1_BPA_MULS2_BPA_MUL72ll_BPA_GE1ll_BPA_AND_FPA__FPA__FPA__FPA_S0MULS1_BPA_MULS2_BPA_MUL72ll_BPA_LE1023ll_BPA__BPA_AND_FPA__FPA__FPA_S0MUL72ll_BPA_LE2147483647ll_BPA_AND_FPA__FPA__FPA__FPA_S0MULS1_BPA_MULS2_BPA_MUL72ll_BPA_LE2147483647ll_BPA__BPA__BPA___kernel
8186715614,4320,5486,2,1,1,16,1,1,48,0.000,0.000,None,,None,None,NVIDIA A100-SXM4-80GB (0),1,20,"void phi::VecReduceKernel<(int)128, (int)4, phi::ReduceExecutor<float, phi::kps::MeanOps<float, float, float>, float, (int)4, (int)4>>(T3)"
8186872221,3424,5490,3,1,1,128,1,1,47,0.002,0.000,None,,None,None,NVIDIA A100-SXM4-80GB (0),1,20,"void gemv2T_kernel_val<int, int, float, float, float, float, (int)128, (int)16, (int)2, (int)2, (bool)0, (bool)0, cublasGemvParamsEx<int, cublasGemvTensorStridedBatched<const float>, cublasGemvTensorStridedBatched<const float>, cublasGemvTensorStridedBatched<float>, float>>(T13, T6, T6)"
8186904637,2144,5494,1,1,1,32,1,1,16,0.000,0.000,None,,None,None,NVIDIA A100-SXM4-80GB (0),1,20,fn_reshape_gs_bc_add_full_gs_bc_max__11008249055510313070_COND__FPA__FPA__FPA__FPA_S0MUL18ll_BPA_GE1ll_BPA_AND_FPA__FPA_S0MUL18ll_BPA_LE1023ll_BPA__BPA_AND_FPA__FPA_S0MUL18ll_BPA_LE2147483647ll_BPA__BPA___kernel
8186990589,3456,5499,3,1,1,4,32,1,159,0.000,0.001,None,,None,None,NVIDIA A100-SXM4-80GB (0),1,20,"std::enable_if<!T7, void>::type internal::gemvx::kernel<int, int, float, float, float, float, (bool)0, (bool)1, (bool)1, (bool)0, (int)7, (bool)0, cublasGemvParamsEx<int, cublasGemvTensorStridedBatched<const float>, cublasGemvTensorStridedBatched<const float>, cublasGemvTensorStridedBatched<float>, float>>(T13)"
8187016541,2400,5503,3,1,1,32,1,1,16,0.000,0.000,None,,None,None,NVIDIA A100-SXM4-80GB (0),1,20,fn_reshape_gs_bc_add_full_full_full_full_gs_bc_mul_gs_bc_add_gs_bc_min_gs_bc_max_gs_bc_mul__17594470531925998404_COND__FPA__FPA__FPA__FPA__FPA__FPA_S0MULS1_BPA_MULS2_BPA_MUL72ll_BPA_GE1ll_BPA_AND_FPA__FPA__FPA__FPA_S0MULS1_BPA_MULS2_BPA_MUL72ll_BPA_LE1023ll_BPA__BPA_AND_FPA__FPA__FPA_S0MUL72ll_BPA_LE2147483647ll_BPA_AND_FPA__FPA__FPA__FPA_S0MULS1_BPA_MULS2_BPA_MUL72ll_BPA_LE2147483647ll_BPA__BPA__BPA___kernel
8187466139,3936,5510,2,1,1,16,1,1,48,0.000,0.000,None,,None,None,NVIDIA A100-SXM4-80GB (0),1,20,"void phi::VecReduceKernel<(int)128, (int)4, phi::ReduceExecutor<float, phi::kps::MeanOps<float, float, float>, float, (int)4, (int)4>>(T3)"
8187550971,3007,5514,3,1,1,128,1,1,47,0.002,0.000,None,,None,None,NVIDIA A100-SXM4-80GB (0),1,20,"void gemv2T_kernel_val<int, int, float, float, float, float, (int)128, (int)16, (int)2, (int)2, (bool)0, (bool)0, cublasGemvParamsEx<int, cublasGemvTensorStridedBatched<const float>, cublasGemvTensorStridedBatched<const float>, cublasGemvTensorStridedBatched<float>, float>>(T13, T6, T6)"
8187577114,2144,5518,1,1,1,32,1,1,16,0.000,0.000,None,,None,None,NVIDIA A100-SXM4-80GB (0),1,20,fn_reshape_gs_bc_add_full_gs_bc_max__11008249055510313070_COND__FPA__FPA__FPA__FPA_S0MUL18ll_BPA_GE1ll_BPA_AND_FPA__FPA_S0MUL18ll_BPA_LE1023ll_BPA__BPA_AND_FPA__FPA_S0MUL18ll_BPA_LE2147483647ll_BPA__BPA___kernel
8187622202,3296,5521,3,1,1,4,32,1,159,0.000,0.001,None,,None,None,NVIDIA A100-SXM4-80GB (0),1,20,"std::enable_if<!T7, void>::type internal::gemvx::kernel<int, int, float, float, float, float, (bool)0, (bool)1, (bool)1, (bool)0, (int)7, (bool)0, cublasGemvParamsEx<int, cublasGemvTensorStridedBatched<const float>, cublasGemvTensorStridedBatched<const float>, cublasGemvTensorStridedBatched<float>, float>>(T13)"
8187642298,2368,5525,3,1,1,32,1,1,16,0.000,0.000,None,,None,None,NVIDIA A100-SXM4-80GB (0),1,20,fn_reshape_gs_bc_add_full_full_full_full_gs_bc_mul_gs_bc_add_gs_bc_min_gs_bc_max_gs_bc_mul__17594470531925998404_COND__FPA__FPA__FPA__FPA__FPA__FPA_S0MULS1_BPA_MULS2_BPA_MUL72ll_BPA_GE1ll_BPA_AND_FPA__FPA__FPA__FPA_S0MULS1_BPA_MULS2_BPA_MUL72ll_BPA_LE1023ll_BPA__BPA_AND_FPA__FPA__FPA_S0MUL72ll_BPA_LE2147483647ll_BPA_AND_FPA__FPA__FPA__FPA_S0MULS1_BPA_MULS2_BPA_MUL72ll_BPA_LE2147483647ll_BPA__BPA__BPA___kernel
8187995481,3968,5531,2,1,1,16,1,1,48,0.000,0.000,None,,None,None,NVIDIA A100-SXM4-80GB (0),1,20,"void phi::VecReduceKernel<(int)128, (int)4, phi::ReduceExecutor<float, phi::kps::MeanOps<float, float, float>, float, (int)4, (int)4>>(T3)"
8188066648,3136,5535,3,1,1,128,1,1,47,0.002,0.000,None,,None,None,NVIDIA A100-SXM4-80GB (0),1,20,"void gemv2T_kernel_val<int, int, float, float, float, float, (int)128, (int)16, (int)2, (int)2, (bool)0, (bool)0, cublasGemvParamsEx<int, cublasGemvTensorStridedBatched<const float>, cublasGemvTensorStridedBatched<const float>, cublasGemvTensorStridedBatched<float>, float>>(T13, T6, T6)"
8188098040,2144,5539,1,1,1,32,1,1,16,0.000,0.000,None,,None,None,NVIDIA A100-SXM4-80GB (0),1,20,fn_reshape_gs_bc_add_full_gs_bc_max__11008249055510313070_COND__FPA__FPA__FPA__FPA_S0MUL18ll_BPA_GE1ll_BPA_AND_FPA__FPA_S0MUL18ll_BPA_LE1023ll_BPA__BPA_AND_FPA__FPA_S0MUL18ll_BPA_LE2147483647ll_BPA__BPA___kernel
8188142328,3456,5542,3,1,1,4,32,1,159,0.000,0.001,None,,None,None,NVIDIA A100-SXM4-80GB (0),1,20,"std::enable_if<!T7, void>::type internal::gemvx::kernel<int, int, float, float, float, float, (bool)0, (bool)1, (bool)1, (bool)0, (int)7, (bool)0, cublasGemvParamsEx<int, cublasGemvTensorStridedBatched<const float>, cublasGemvTensorStridedBatched<const float>, cublasGemvTensorStridedBatched<float>, float>>(T13)"
8188164567,2368,5546,3,1,1,32,1,1,16,0.000,0.000,None,,None,None,NVIDIA A100-SXM4-80GB (0),1,20,fn_reshape_gs_bc_add_full_full_full_full_gs_bc_mul_gs_bc_add_gs_bc_min_gs_bc_max_gs_bc_mul__17594470531925998404_COND__FPA__FPA__FPA__FPA__FPA__FPA_S0MULS1_BPA_MULS2_BPA_MUL72ll_BPA_GE1ll_BPA_AND_FPA__FPA__FPA__FPA_S0MULS1_BPA_MULS2_BPA_MUL72ll_BPA_LE1023ll_BPA__BPA_AND_FPA__FPA__FPA_S0MUL72ll_BPA_LE2147483647ll_BPA_AND_FPA__FPA__FPA__FPA_S0MULS1_BPA_MULS2_BPA_MUL72ll_BPA_LE2147483647ll_BPA__BPA__BPA___kernel
8188457942,3968,5552,2,1,1,16,1,1,48,0.000,0.000,None,,None,None,NVIDIA A100-SXM4-80GB (0),1,20,"void phi::VecReduceKernel<(int)128, (int)4, phi::ReduceExecutor<float, phi::kps::MeanOps<float, float, float>, float, (int)4, (int)4>>(T3)"
8188528118,3008,5556,3,1,1,128,1,1,47,0.002,0.000,None,,None,None,NVIDIA A100-SXM4-80GB (0),1,20,"void gemv2T_kernel_val<int, int, float, float, float, float, (int)128, (int)16, (int)2, (int)2, (bool)0, (bool)0, cublasGemvParamsEx<int, cublasGemvTensorStridedBatched<const float>, cublasGemvTensorStridedBatched<const float>, cublasGemvTensorStridedBatched<float>, float>>(T13, T6, T6)"
8188553974,2144,5560,1,1,1,32,1,1,16,0.000,0.000,None,,None,None,NVIDIA A100-SXM4-80GB (0),1,20,fn_reshape_gs_bc_add_full_gs_bc_max__11008249055510313070_COND__FPA__FPA__FPA__FPA_S0MUL18ll_BPA_GE1ll_BPA_AND_FPA__FPA_S0MUL18ll_BPA_LE1023ll_BPA__BPA_AND_FPA__FPA_S0MUL18ll_BPA_LE2147483647ll_BPA__BPA___kernel
8188595286,3296,5563,3,1,1,4,32,1,159,0.000,0.001,None,,None,None,NVIDIA A100-SXM4-80GB (0),1,20,"std::enable_if<!T7, void>::type internal::gemvx::kernel<int, int, float, float, float, float, (bool)0, (bool)1, (bool)1, (bool)0, (int)7, (bool)0, cublasGemvParamsEx<int, cublasGemvTensorStridedBatched<const float>, cublasGemvTensorStridedBatched<const float>, cublasGemvTensorStridedBatched<float>, float>>(T13)"
8188615157,2368,5567,3,1,1,32,1,1,16,0.000,0.000,None,,None,None,NVIDIA A100-SXM4-80GB (0),1,20,fn_reshape_gs_bc_add_full_full_full_full_gs_bc_mul_gs_bc_add_gs_bc_min_gs_bc_max_gs_bc_mul__17594470531925998404_COND__FPA__FPA__FPA__FPA__FPA__FPA_S0MULS1_BPA_MULS2_BPA_MUL72ll_BPA_GE1ll_BPA_AND_FPA__FPA__FPA__FPA_S0MULS1_BPA_MULS2_BPA_MUL72ll_BPA_LE1023ll_BPA__BPA_AND_FPA__FPA__FPA_S0MUL72ll_BPA_LE2147483647ll_BPA_AND_FPA__FPA__FPA__FPA_S0MULS1_BPA_MULS2_BPA_MUL72ll_BPA_LE2147483647ll_BPA__BPA__BPA___kernel
8188930452,3968,5573,2,1,1,16,1,1,48,0.000,0.000,None,,None,None,NVIDIA A100-SXM4-80GB (0),1,20,"void phi::VecReduceKernel<(int)128, (int)4, phi::ReduceExecutor<float, phi::kps::MeanOps<float, float, float>, float, (int)4, (int)4>>(T3)"
8188999732,3136,5577,3,1,1,128,1,1,47,0.002,0.000,None,,None,None,NVIDIA A100-SXM4-80GB (0),1,20,"void gemv2T_kernel_val<int, int, float, float, float, float, (int)128, (int)16, (int)2, (int)2, (bool)0, (bool)0, cublasGemvParamsEx<int, cublasGemvTensorStridedBatched<const float>, cublasGemvTensorStridedBatched<const float>, cublasGemvTensorStridedBatched<float>, float>>(T13, T6, T6)"
8189022964,2176,5581,1,1,1,32,1,1,16,0.000,0.000,None,,None,None,NVIDIA A100-SXM4-80GB (0),1,20,fn_reshape_gs_bc_add_full_gs_bc_max__11008249055510313070_COND__FPA__FPA__FPA__FPA_S0MUL18ll_BPA_GE1ll_BPA_AND_FPA__FPA_S0MUL18ll_BPA_LE1023ll_BPA__BPA_AND_FPA__FPA_S0MUL18ll_BPA_LE2147483647ll_BPA__BPA___kernel
8189064787,3456,5584,3,1,1,4,32,1,159,0.000,0.001,None,,None,None,NVIDIA A100-SXM4-80GB (0),1,20,"std::enable_if<!T7, void>::type internal::gemvx::kernel<int, int, float, float, float, float, (bool)0, (bool)1, (bool)1, (bool)0, (int)7, (bool)0, cublasGemvParamsEx<int, cublasGemvTensorStridedBatched<const float>, cublasGemvTensorStridedBatched<const float>, cublasGemvTensorStridedBatched<float>, float>>(T13)"
8189083411,2368,5588,3,1,1,32,1,1,16,0.000,0.000,None,,None,None,NVIDIA A100-SXM4-80GB (0),1,20,fn_reshape_gs_bc_add_full_full_full_full_gs_bc_mul_gs_bc_add_gs_bc_min_gs_bc_max_gs_bc_mul__17594470531925998404_COND__FPA__FPA__FPA__FPA__FPA__FPA_S0MULS1_BPA_MULS2_BPA_MUL72ll_BPA_GE1ll_BPA_AND_FPA__FPA__FPA__FPA_S0MULS1_BPA_MULS2_BPA_MUL72ll_BPA_LE1023ll_BPA__BPA_AND_FPA__FPA__FPA_S0MUL72ll_BPA_LE2147483647ll_BPA_AND_FPA__FPA__FPA__FPA_S0MULS1_BPA_MULS2_BPA_MUL72ll_BPA_LE2147483647ll_BPA__BPA__BPA___kernel
8189359858,3968,5594,2,1,1,16,1,1,48,0.000,0.000,None,,None,None,NVIDIA A100-SXM4-80GB (0),1,20,"void phi::VecReduceKernel<(int)128, (int)4, phi::ReduceExecutor<float, phi::kps::MeanOps<float, float, float>, float, (int)4, (int)4>>(T3)"
8189428562,3040,5598,3,1,1,128,1,1,47,0.002,0.000,None,,None,None,NVIDIA A100-SXM4-80GB (0),1,20,"void gemv2T_kernel_val<int, int, float, float, float, float, (int)128, (int)16, (int)2, (int)2, (bool)0, (bool)0, cublasGemvParamsEx<int, cublasGemvTensorStridedBatched<const float>, cublasGemvTensorStridedBatched<const float>, cublasGemvTensorStridedBatched<float>, float>>(T13, T6, T6)"
8189451794,2144,5602,1,1,1,32,1,1,16,0.000,0.000,None,,None,None,NVIDIA A100-SXM4-80GB (0),1,20,fn_reshape_gs_bc_add_full_gs_bc_max__11008249055510313070_COND__FPA__FPA__FPA__FPA_S0MUL18ll_BPA_GE1ll_BPA_AND_FPA__FPA_S0MUL18ll_BPA_LE1023ll_BPA__BPA_AND_FPA__FPA_S0MUL18ll_BPA_LE2147483647ll_BPA__BPA___kernel
8189494482,3328,5605,3,1,1,4,32,1,159,0.000,0.001,None,,None,None,NVIDIA A100-SXM4-80GB (0),1,20,"std::enable_if<!T7, void>::type internal::gemvx::kernel<int, int, float, float, float, float, (bool)0, (bool)1, (bool)1, (bool)0, (int)7, (bool)0, cublasGemvParamsEx<int, cublasGemvTensorStridedBatched<const float>, cublasGemvTensorStridedBatched<const float>, cublasGemvTensorStridedBatched<float>, float>>(T13)"
8189521969,2368,5609,3,1,1,32,1,1,16,0.000,0.000,None,,None,None,NVIDIA A100-SXM4-80GB (0),1,20,fn_reshape_gs_bc_add_full_full_full_full_gs_bc_mul_gs_bc_add_gs_bc_min_gs_bc_max_gs_bc_mul__17594470531925998404_COND__FPA__FPA__FPA__FPA__FPA__FPA_S0MULS1_BPA_MULS2_BPA_MUL72ll_BPA_GE1ll_BPA_AND_FPA__FPA__FPA__FPA_S0MULS1_BPA_MULS2_BPA_MUL72ll_BPA_LE1023ll_BPA__BPA_AND_FPA__FPA__FPA_S0MUL72ll_BPA_LE2147483647ll_BPA_AND_FPA__FPA__FPA__FPA_S0MULS1_BPA_MULS2_BPA_MUL72ll_BPA_LE2147483647ll_BPA__BPA__BPA___kernel
8189803440,3968,5615,2,1,1,16,1,1,48,0.000,0.000,None,,None,None,NVIDIA A100-SXM4-80GB (0),1,20,"void phi::VecReduceKernel<(int)128, (int)4, phi::ReduceExecutor<float, phi::kps::MeanOps<float, float, float>, float, (int)4, (int)4>>(T3)"
8189871920,3136,5619,3,1,1,128,1,1,47,0.002,0.000,None,,None,None,NVIDIA A100-SXM4-80GB (0),1,20,"void gemv2T_kernel_val<int, int, float, float, float, float, (int)128, (int)16, (int)2, (int)2, (bool)0, (bool)0, cublasGemvParamsEx<int, cublasGemvTensorStridedBatched<const float>, cublasGemvTensorStridedBatched<const float>, cublasGemvTensorStridedBatched<float>, float>>(T13, T6, T6)"
8189894832,2144,5623,1,1,1,32,1,1,16,0.000,0.000,None,,None,None,NVIDIA A100-SXM4-80GB (0),1,20,fn_reshape_gs_bc_add_full_gs_bc_max__11008249055510313070_COND__FPA__FPA__FPA__FPA_S0MUL18ll_BPA_GE1ll_BPA_AND_FPA__FPA_S0MUL18ll_BPA_LE1023ll_BPA__BPA_AND_FPA__FPA_S0MUL18ll_BPA_LE2147483647ll_BPA__BPA___kernel
8189937104,3456,5626,3,1,1,4,32,1,159,0.000,0.001,None,,None,None,NVIDIA A100-SXM4-80GB (0),1,20,"std::enable_if<!T7, void>::type internal::gemvx::kernel<int, int, float, float, float, float, (bool)0, (bool)1, (bool)1, (bool)0, (int)7, (bool)0, cublasGemvParamsEx<int, cublasGemvTensorStridedBatched<const float>, cublasGemvTensorStridedBatched<const float>, cublasGemvTensorStridedBatched<float>, float>>(T13)"
8189955439,2368,5630,3,1,1,32,1,1,16,0.000,0.000,None,,None,None,NVIDIA A100-SXM4-80GB (0),1,20,fn_reshape_gs_bc_add_full_full_full_full_gs_bc_mul_gs_bc_add_gs_bc_min_gs_bc_max_gs_bc_mul__17594470531925998404_COND__FPA__FPA__FPA__FPA__FPA__FPA_S0MULS1_BPA_MULS2_BPA_MUL72ll_BPA_GE1ll_BPA_AND_FPA__FPA__FPA__FPA_S0MULS1_BPA_MULS2_BPA_MUL72ll_BPA_LE1023ll_BPA__BPA_AND_FPA__FPA__FPA_S0MUL72ll_BPA_LE2147483647ll_BPA_AND_FPA__FPA__FPA__FPA_S0MULS1_BPA_MULS2_BPA_MUL72ll_BPA_LE2147483647ll_BPA__BPA__BPA___kernel
8190227502,3968,5636,2,1,1,16,1,1,48,0.000,0.000,None,,None,None,NVIDIA A100-SXM4-80GB (0),1,20,"void phi::VecReduceKernel<(int)128, (int)4, phi::ReduceExecutor<float, phi::kps::MeanOps<float, float, float>, float, (int)4, (int)4>>(T3)"
8190297678,3040,5640,3,1,1,128,1,1,47,0.002,0.000,None,,None,None,NVIDIA A100-SXM4-80GB (0),1,20,"void gemv2T_kernel_val<int, int, float, float, float, float, (int)128, (int)16, (int)2, (int)2, (bool)0, (bool)0, cublasGemvParamsEx<int, cublasGemvTensorStridedBatched<const float>, cublasGemvTensorStridedBatched<const float>, cublasGemvTensorStridedBatched<float>, float>>(T13, T6, T6)"
8190321934,2144,5644,1,1,1,32,1,1,16,0.000,0.000,None,,None,None,NVIDIA A100-SXM4-80GB (0),1,20,fn_reshape_gs_bc_add_full_gs_bc_max__11008249055510313070_COND__FPA__FPA__FPA__FPA_S0MUL18ll_BPA_GE1ll_BPA_AND_FPA__FPA_S0MUL18ll_BPA_LE1023ll_BPA__BPA_AND_FPA__FPA_S0MUL18ll_BPA_LE2147483647ll_BPA__BPA___kernel
8190363661,3328,5647,3,1,1,4,32,1,159,0.000,0.001,None,,None,None,NVIDIA A100-SXM4-80GB (0),1,20,"std::enable_if<!T7, void>::type internal::gemvx::kernel<int, int, float, float, float, float, (bool)0, (bool)1, (bool)1, (bool)0, (int)7, (bool)0, cublasGemvParamsEx<int, cublasGemvTensorStridedBatched<const float>, cublasGemvTensorStridedBatched<const float>, cublasGemvTensorStridedBatched<float>, float>>(T13)"
8190382190,2368,5651,3,1,1,32,1,1,16,0.000,0.000,None,,None,None,NVIDIA A100-SXM4-80GB (0),1,20,fn_reshape_gs_bc_add_full_full_full_full_gs_bc_mul_gs_bc_add_gs_bc_min_gs_bc_max_gs_bc_mul__17594470531925998404_COND__FPA__FPA__FPA__FPA__FPA__FPA_S0MULS1_BPA_MULS2_BPA_MUL72ll_BPA_GE1ll_BPA_AND_FPA__FPA__FPA__FPA_S0MULS1_BPA_MULS2_BPA_MUL72ll_BPA_LE1023ll_BPA__BPA_AND_FPA__FPA__FPA_S0MUL72ll_BPA_LE2147483647ll_BPA_AND_FPA__FPA__FPA__FPA_S0MULS1_BPA_MULS2_BPA_MUL72ll_BPA_LE2147483647ll_BPA__BPA__BPA___kernel
8190652972,3968,5657,2,1,1,16,1,1,48,0.000,0.000,None,,None,None,NVIDIA A100-SXM4-80GB (0),1,20,"void phi::VecReduceKernel<(int)128, (int)4, phi::ReduceExecutor<float, phi::kps::MeanOps<float, float, float>, float, (int)4, (int)4>>(T3)"
8190728716,3168,5661,3,1,1,128,1,1,47,0.002,0.000,None,,None,None,NVIDIA A100-SXM4-80GB (0),1,20,"void gemv2T_kernel_val<int, int, float, float, float, float, (int)128, (int)16, (int)2, (int)2, (bool)0, (bool)0, cublasGemvParamsEx<int, cublasGemvTensorStridedBatched<const float>, cublasGemvTensorStridedBatched<const float>, cublasGemvTensorStridedBatched<float>, float>>(T13, T6, T6)"
8190752012,2176,5665,1,1,1,32,1,1,16,0.000,0.000,None,,None,None,NVIDIA A100-SXM4-80GB (0),1,20,fn_reshape_gs_bc_add_full_gs_bc_max__11008249055510313070_COND__FPA__FPA__FPA__FPA_S0MUL18ll_BPA_GE1ll_BPA_AND_FPA__FPA_S0MUL18ll_BPA_LE1023ll_BPA__BPA_AND_FPA__FPA_S0MUL18ll_BPA_LE2147483647ll_BPA__BPA___kernel
8190794572,3456,5668,3,1,1,4,32,1,159,0.000,0.001,None,,None,None,NVIDIA A100-SXM4-80GB (0),1,20,"std::enable_if<!T7, void>::type internal::gemvx::kernel<int, int, float, float, float, float, (bool)0, (bool)1, (bool)1, (bool)0, (int)7, (bool)0, cublasGemvParamsEx<int, cublasGemvTensorStridedBatched<const float>, cublasGemvTensorStridedBatched<const float>, cublasGemvTensorStridedBatched<float>, float>>(T13)"
8190813547,2400,5672,3,1,1,32,1,1,16,0.000,0.000,None,,None,None,NVIDIA A100-SXM4-80GB (0),1,20,fn_reshape_gs_bc_add_full_full_full_full_gs_bc_mul_gs_bc_add_gs_bc_min_gs_bc_max_gs_bc_mul__17594470531925998404_COND__FPA__FPA__FPA__FPA__FPA__FPA_S0MULS1_BPA_MULS2_BPA_MUL72ll_BPA_GE1ll_BPA_AND_FPA__FPA__FPA__FPA_S0MULS1_BPA_MULS2_BPA_MUL72ll_BPA_LE1023ll_BPA__BPA_AND_FPA__FPA__FPA_S0MUL72ll_BPA_LE2147483647ll_BPA_AND_FPA__FPA__FPA__FPA_S0MULS1_BPA_MULS2_BPA_MUL72ll_BPA_LE2147483647ll_BPA__BPA__BPA___kernel
8191097770,3968,5678,2,1,1,16,1,1,48,0.000,0.000,None,,None,None,NVIDIA A100-SXM4-80GB (0),1,20,"void phi::VecReduceKernel<(int)128, (int)4, phi::ReduceExecutor<float, phi::kps::MeanOps<float, float, float>, float, (int)4, (int)4>>(T3)"
8191174634,3040,5682,3,1,1,128,1,1,47,0.002,0.000,None,,None,None,NVIDIA A100-SXM4-80GB (0),1,20,"void gemv2T_kernel_val<int, int, float, float, float, float, (int)128, (int)16, (int)2, (int)2, (bool)0, (bool)0, cublasGemvParamsEx<int, cublasGemvTensorStridedBatched<const float>, cublasGemvTensorStridedBatched<const float>, cublasGemvTensorStridedBatched<float>, float>>(T13, T6, T6)"
8191197418,2176,5686,1,1,1,32,1,1,16,0.000,0.000,None,,None,None,NVIDIA A100-SXM4-80GB (0),1,20,fn_reshape_gs_bc_add_full_gs_bc_max__11008249055510313070_COND__FPA__FPA__FPA__FPA_S0MUL18ll_BPA_GE1ll_BPA_AND_FPA__FPA_S0MUL18ll_BPA_LE1023ll_BPA__BPA_AND_FPA__FPA_S0MUL18ll_BPA_LE2147483647ll_BPA__BPA___kernel
8191239594,3328,5689,3,1,1,4,32,1,159,0.000,0.001,None,,None,None,NVIDIA A100-SXM4-80GB (0),1,20,"std::enable_if<!T7, void>::type internal::gemvx::kernel<int, int, float, float, float, float, (bool)0, (bool)1, (bool)1, (bool)0, (int)7, (bool)0, cublasGemvParamsEx<int, cublasGemvTensorStridedBatched<const float>, cublasGemvTensorStridedBatched<const float>, cublasGemvTensorStridedBatched<float>, float>>(T13)"
8191258089,2368,5693,3,1,1,32,1,1,16,0.000,0.000,None,,None,None,NVIDIA A100-SXM4-80GB (0),1,20,fn_reshape_gs_bc_add_full_full_full_full_gs_bc_mul_gs_bc_add_gs_bc_min_gs_bc_max_gs_bc_mul__17594470531925998404_COND__FPA__FPA__FPA__FPA__FPA__FPA_S0MULS1_BPA_MULS2_BPA_MUL72ll_BPA_GE1ll_BPA_AND_FPA__FPA__FPA__FPA_S0MULS1_BPA_MULS2_BPA_MUL72ll_BPA_LE1023ll_BPA__BPA_AND_FPA__FPA__FPA_S0MUL72ll_BPA_LE2147483647ll_BPA_AND_FPA__FPA__FPA__FPA_S0MULS1_BPA_MULS2_BPA_MUL72ll_BPA_LE2147483647ll_BPA__BPA__BPA___kernel
8191527656,3968,5699,2,1,1,16,1,1,48,0.000,0.000,None,,None,None,NVIDIA A100-SXM4-80GB (0),1,20,"void phi::VecReduceKernel<(int)128, (int)4, phi::ReduceExecutor<float, phi::kps::MeanOps<float, float, float>, float, (int)4, (int)4>>(T3)"
8191594824,3136,5703,3,1,1,128,1,1,47,0.002,0.000,None,,None,None,NVIDIA A100-SXM4-80GB (0),1,20,"void gemv2T_kernel_val<int, int, float, float, float, float, (int)128, (int)16, (int)2, (int)2, (bool)0, (bool)0, cublasGemvParamsEx<int, cublasGemvTensorStridedBatched<const float>, cublasGemvTensorStridedBatched<const float>, cublasGemvTensorStridedBatched<float>, float>>(T13, T6, T6)"
8191617256,2144,5707,1,1,1,32,1,1,16,0.000,0.000,None,,None,None,NVIDIA A100-SXM4-80GB (0),1,20,fn_reshape_gs_bc_add_full_gs_bc_max__11008249055510313070_COND__FPA__FPA__FPA__FPA_S0MUL18ll_BPA_GE1ll_BPA_AND_FPA__FPA_S0MUL18ll_BPA_LE1023ll_BPA__BPA_AND_FPA__FPA_S0MUL18ll_BPA_LE2147483647ll_BPA__BPA___kernel
8191659944,3456,5710,3,1,1,4,32,1,159,0.000,0.001,None,,None,None,NVIDIA A100-SXM4-80GB (0),1,20,"std::enable_if<!T7, void>::type internal::gemvx::kernel<int, int, float, float, float, float, (bool)0, (bool)1, (bool)1, (bool)0, (int)7, (bool)0, cublasGemvParamsEx<int, cublasGemvTensorStridedBatched<const float>, cublasGemvTensorStridedBatched<const float>, cublasGemvTensorStridedBatched<float>, float>>(T13)"
8191686088,2368,5714,3,1,1,32,1,1,16,0.000,0.000,None,,None,None,NVIDIA A100-SXM4-80GB (0),1,20,fn_reshape_gs_bc_add_full_full_full_full_gs_bc_mul_gs_bc_add_gs_bc_min_gs_bc_max_gs_bc_mul__17594470531925998404_COND__FPA__FPA__FPA__FPA__FPA__FPA_S0MULS1_BPA_MULS2_BPA_MUL72ll_BPA_GE1ll_BPA_AND_FPA__FPA__FPA__FPA_S0MULS1_BPA_MULS2_BPA_MUL72ll_BPA_LE1023ll_BPA__BPA_AND_FPA__FPA__FPA_S0MUL72ll_BPA_LE2147483647ll_BPA_AND_FPA__FPA__FPA__FPA_S0MULS1_BPA_MULS2_BPA_MUL72ll_BPA_LE2147483647ll_BPA__BPA__BPA___kernel
8191961254,3968,5720,2,1,1,16,1,1,48,0.000,0.000,None,,None,None,NVIDIA A100-SXM4-80GB (0),1,20,"void phi::VecReduceKernel<(int)128, (int)4, phi::ReduceExecutor<float, phi::kps::MeanOps<float, float, float>, float, (int)4, (int)4>>(T3)"
8192029382,3040,5724,3,1,1,128,1,1,47,0.002,0.000,None,,None,None,NVIDIA A100-SXM4-80GB (0),1,20,"void gemv2T_kernel_val<int, int, float, float, float, float, (int)128, (int)16, (int)2, (int)2, (bool)0, (bool)0, cublasGemvParamsEx<int, cublasGemvTensorStridedBatched<const float>, cublasGemvTensorStridedBatched<const float>, cublasGemvTensorStridedBatched<float>, float>>(T13, T6, T6)"
8192054982,2144,5728,1,1,1,32,1,1,16,0.000,0.000,None,,None,None,NVIDIA A100-SXM4-80GB (0),1,20,fn_reshape_gs_bc_add_full_gs_bc_max__11008249055510313070_COND__FPA__FPA__FPA__FPA_S0MUL18ll_BPA_GE1ll_BPA_AND_FPA__FPA_S0MUL18ll_BPA_LE1023ll_BPA__BPA_AND_FPA__FPA_S0MUL18ll_BPA_LE2147483647ll_BPA__BPA___kernel
8192097190,3328,5731,3,1,1,4,32,1,159,0.000,0.001,None,,None,None,NVIDIA A100-SXM4-80GB (0),1,20,"std::enable_if<!T7, void>::type internal::gemvx::kernel<int, int, float, float, float, float, (bool)0, (bool)1, (bool)1, (bool)0, (int)7, (bool)0, cublasGemvParamsEx<int, cublasGemvTensorStridedBatched<const float>, cublasGemvTensorStridedBatched<const float>, cublasGemvTensorStridedBatched<float>, float>>(T13)"
8192115142,2368,5735,3,1,1,32,1,1,16,0.000,0.000,None,,None,None,NVIDIA A100-SXM4-80GB (0),1,20,fn_reshape_gs_bc_add_full_full_full_full_gs_bc_mul_gs_bc_add_gs_bc_min_gs_bc_max_gs_bc_mul__17594470531925998404_COND__FPA__FPA__FPA__FPA__FPA__FPA_S0MULS1_BPA_MULS2_BPA_MUL72ll_BPA_GE1ll_BPA_AND_FPA__FPA__FPA__FPA_S0MULS1_BPA_MULS2_BPA_MUL72ll_BPA_LE1023ll_BPA__BPA_AND_FPA__FPA__FPA_S0MUL72ll_BPA_LE2147483647ll_BPA_AND_FPA__FPA__FPA__FPA_S0MULS1_BPA_MULS2_BPA_MUL72ll_BPA_LE2147483647ll_BPA__BPA__BPA___kernel
8193775870,4000,5741,2,1,1,16,1,1,48,0.000,0.000,None,,None,None,NVIDIA A100-SXM4-80GB (0),1,20,"void phi::VecReduceKernel<(int)128, (int)4, phi::ReduceExecutor<float, phi::kps::MeanOps<float, float, float>, float, (int)4, (int)4>>(T3)"
8193847102,3167,5745,3,1,1,128,1,1,47,0.002,0.000,None,,None,None,NVIDIA A100-SXM4-80GB (0),1,20,"void gemv2T_kernel_val<int, int, float, float, float, float, (int)128, (int)16, (int)2, (int)2, (bool)0, (bool)0, cublasGemvParamsEx<int, cublasGemvTensorStridedBatched<const float>, cublasGemvTensorStridedBatched<const float>, cublasGemvTensorStridedBatched<float>, float>>(T13, T6, T6)"
8193879230,2144,5749,1,1,1,32,1,1,16,0.000,0.000,None,,None,None,NVIDIA A100-SXM4-80GB (0),1,20,fn_reshape_gs_bc_add_full_gs_bc_max__11008249055510313070_COND__FPA__FPA__FPA__FPA_S0MUL18ll_BPA_GE1ll_BPA_AND_FPA__FPA_S0MUL18ll_BPA_LE1023ll_BPA__BPA_AND_FPA__FPA_S0MUL18ll_BPA_LE2147483647ll_BPA__BPA___kernel
8193923709,3456,5752,3,1,1,4,32,1,159,0.000,0.001,None,,None,None,NVIDIA A100-SXM4-80GB (0),1,20,"std::enable_if<!T7, void>::type internal::gemvx::kernel<int, int, float, float, float, float, (bool)0, (bool)1, (bool)1, (bool)0, (int)7, (bool)0, cublasGemvParamsEx<int, cublasGemvTensorStridedBatched<const float>, cublasGemvTensorStridedBatched<const float>, cublasGemvTensorStridedBatched<float>, float>>(T13)"
8193942717,2400,5756,3,1,1,32,1,1,16,0.000,0.000,None,,None,None,NVIDIA A100-SXM4-80GB (0),1,20,fn_reshape_gs_bc_add_full_full_full_full_gs_bc_mul_gs_bc_add_gs_bc_min_gs_bc_max_gs_bc_mul__17594470531925998404_COND__FPA__FPA__FPA__FPA__FPA__FPA_S0MULS1_BPA_MULS2_BPA_MUL72ll_BPA_GE1ll_BPA_AND_FPA__FPA__FPA__FPA_S0MULS1_BPA_MULS2_BPA_MUL72ll_BPA_LE1023ll_BPA__BPA_AND_FPA__FPA__FPA_S0MUL72ll_BPA_LE2147483647ll_BPA_AND_FPA__FPA__FPA__FPA_S0MULS1_BPA_MULS2_BPA_MUL72ll_BPA_LE2147483647ll_BPA__BPA__BPA___kernel
8194227996,3968,5762,2,1,1,16,1,1,48,0.000,0.000,None,,None,None,NVIDIA A100-SXM4-80GB (0),1,20,"void phi::VecReduceKernel<(int)128, (int)4, phi::ReduceExecutor<float, phi::kps::MeanOps<float, float, float>, float, (int)4, (int)4>>(T3)"
8194295996,3039,5766,3,1,1,128,1,1,47,0.002,0.000,None,,None,None,NVIDIA A100-SXM4-80GB (0),1,20,"void gemv2T_kernel_val<int, int, float, float, float, float, (int)128, (int)16, (int)2, (int)2, (bool)0, (bool)0, cublasGemvParamsEx<int, cublasGemvTensorStridedBatched<const float>, cublasGemvTensorStridedBatched<const float>, cublasGemvTensorStridedBatched<float>, float>>(T13, T6, T6)"
8194318972,2144,5770,1,1,1,32,1,1,16,0.000,0.000,None,,None,None,NVIDIA A100-SXM4-80GB (0),1,20,fn_reshape_gs_bc_add_full_gs_bc_max__11008249055510313070_COND__FPA__FPA__FPA__FPA_S0MUL18ll_BPA_GE1ll_BPA_AND_FPA__FPA_S0MUL18ll_BPA_LE1023ll_BPA__BPA_AND_FPA__FPA_S0MUL18ll_BPA_LE2147483647ll_BPA__BPA___kernel
8194364603,3328,5773,3,1,1,4,32,1,159,0.000,0.001,None,,None,None,NVIDIA A100-SXM4-80GB (0),1,20,"std::enable_if<!T7, void>::type internal::gemvx::kernel<int, int, float, float, float, float, (bool)0, (bool)1, (bool)1, (bool)0, (int)7, (bool)0, cublasGemvParamsEx<int, cublasGemvTensorStridedBatched<const float>, cublasGemvTensorStridedBatched<const float>, cublasGemvTensorStridedBatched<float>, float>>(T13)"
8194383771,2400,5777,3,1,1,32,1,1,16,0.000,0.000,None,,None,None,NVIDIA A100-SXM4-80GB (0),1,20,fn_reshape_gs_bc_add_full_full_full_full_gs_bc_mul_gs_bc_add_gs_bc_min_gs_bc_max_gs_bc_mul__17594470531925998404_COND__FPA__FPA__FPA__FPA__FPA__FPA_S0MULS1_BPA_MULS2_BPA_MUL72ll_BPA_GE1ll_BPA_AND_FPA__FPA__FPA__FPA_S0MULS1_BPA_MULS2_BPA_MUL72ll_BPA_LE1023ll_BPA__BPA_AND_FPA__FPA__FPA_S0MUL72ll_BPA_LE2147483647ll_BPA_AND_FPA__FPA__FPA__FPA_S0MULS1_BPA_MULS2_BPA_MUL72ll_BPA_LE2147483647ll_BPA__BPA__BPA___kernel
8194654106,3968,5783,2,1,1,16,1,1,48,0.000,0.000,None,,None,None,NVIDIA A100-SXM4-80GB (0),1,20,"void phi::VecReduceKernel<(int)128, (int)4, phi::ReduceExecutor<float, phi::kps::MeanOps<float, float, float>, float, (int)4, (int)4>>(T3)"
8194729658,3168,5787,3,1,1,128,1,1,47,0.002,0.000,None,,None,None,NVIDIA A100-SXM4-80GB (0),1,20,"void gemv2T_kernel_val<int, int, float, float, float, float, (int)128, (int)16, (int)2, (int)2, (bool)0, (bool)0, cublasGemvParamsEx<int, cublasGemvTensorStridedBatched<const float>, cublasGemvTensorStridedBatched<const float>, cublasGemvTensorStridedBatched<float>, float>>(T13, T6, T6)"
8194753561,2144,5791,1,1,1,32,1,1,16,0.000,0.000,None,,None,None,NVIDIA A100-SXM4-80GB (0),1,20,fn_reshape_gs_bc_add_full_gs_bc_max__11008249055510313070_COND__FPA__FPA__FPA__FPA_S0MUL18ll_BPA_GE1ll_BPA_AND_FPA__FPA_S0MUL18ll_BPA_LE1023ll_BPA__BPA_AND_FPA__FPA_S0MUL18ll_BPA_LE2147483647ll_BPA__BPA___kernel
8194795865,3456,5794,3,1,1,4,32,1,159,0.000,0.001,None,,None,None,NVIDIA A100-SXM4-80GB (0),1,20,"std::enable_if<!T7, void>::type internal::gemvx::kernel<int, int, float, float, float, float, (bool)0, (bool)1, (bool)1, (bool)0, (int)7, (bool)0, cublasGemvParamsEx<int, cublasGemvTensorStridedBatched<const float>, cublasGemvTensorStridedBatched<const float>, cublasGemvTensorStridedBatched<float>, float>>(T13)"
8194813497,2368,5798,3,1,1,32,1,1,16,0.000,0.000,None,,None,None,NVIDIA A100-SXM4-80GB (0),1,20,fn_reshape_gs_bc_add_full_full_full_full_gs_bc_mul_gs_bc_add_gs_bc_min_gs_bc_max_gs_bc_mul__17594470531925998404_COND__FPA__FPA__FPA__FPA__FPA__FPA_S0MULS1_BPA_MULS2_BPA_MUL72ll_BPA_GE1ll_BPA_AND_FPA__FPA__FPA__FPA_S0MULS1_BPA_MULS2_BPA_MUL72ll_BPA_LE1023ll_BPA__BPA_AND_FPA__FPA__FPA_S0MUL72ll_BPA_LE2147483647ll_BPA_AND_FPA__FPA__FPA__FPA_S0MULS1_BPA_MULS2_BPA_MUL72ll_BPA_LE2147483647ll_BPA__BPA__BPA___kernel
8195086424,3968,5804,2,1,1,16,1,1,48,0.000,0.000,None,,None,None,NVIDIA A100-SXM4-80GB (0),1,20,"void phi::VecReduceKernel<(int)128, (int)4, phi::ReduceExecutor<float, phi::kps::MeanOps<float, float, float>, float, (int)4, (int)4>>(T3)"
8195154648,3040,5808,3,1,1,128,1,1,47,0.002,0.000,None,,None,None,NVIDIA A100-SXM4-80GB (0),1,20,"void gemv2T_kernel_val<int, int, float, float, float, float, (int)128, (int)16, (int)2, (int)2, (bool)0, (bool)0, cublasGemvParamsEx<int, cublasGemvTensorStridedBatched<const float>, cublasGemvTensorStridedBatched<const float>, cublasGemvTensorStridedBatched<float>, float>>(T13, T6, T6)"
8195177976,2144,5812,1,1,1,32,1,1,16,0.000,0.000,None,,None,None,NVIDIA A100-SXM4-80GB (0),1,20,fn_reshape_gs_bc_add_full_gs_bc_max__11008249055510313070_COND__FPA__FPA__FPA__FPA_S0MUL18ll_BPA_GE1ll_BPA_AND_FPA__FPA_S0MUL18ll_BPA_LE1023ll_BPA__BPA_AND_FPA__FPA_S0MUL18ll_BPA_LE2147483647ll_BPA__BPA___kernel
8195219191,3328,5815,3,1,1,4,32,1,159,0.000,0.001,None,,None,None,NVIDIA A100-SXM4-80GB (0),1,20,"std::enable_if<!T7, void>::type internal::gemvx::kernel<int, int, float, float, float, float, (bool)0, (bool)1, (bool)1, (bool)0, (int)7, (bool)0, cublasGemvParamsEx<int, cublasGemvTensorStridedBatched<const float>, cublasGemvTensorStridedBatched<const float>, cublasGemvTensorStridedBatched<float>, float>>(T13)"
8195240247,2400,5819,3,1,1,32,1,1,16,0.000,0.000,None,,None,None,NVIDIA A100-SXM4-80GB (0),1,20,fn_reshape_gs_bc_add_full_full_full_full_gs_bc_mul_gs_bc_add_gs_bc_min_gs_bc_max_gs_bc_mul__17594470531925998404_COND__FPA__FPA__FPA__FPA__FPA__FPA_S0MULS1_BPA_MULS2_BPA_MUL72ll_BPA_GE1ll_BPA_AND_FPA__FPA__FPA__FPA_S0MULS1_BPA_MULS2_BPA_MUL72ll_BPA_LE1023ll_BPA__BPA_AND_FPA__FPA__FPA_S0MUL72ll_BPA_LE2147483647ll_BPA_AND_FPA__FPA__FPA__FPA_S0MULS1_BPA_MULS2_BPA_MUL72ll_BPA_LE2147483647ll_BPA__BPA__BPA___kernel
8195511286,3968,5825,2,1,1,16,1,1,48,0.000,0.000,None,,None,None,NVIDIA A100-SXM4-80GB (0),1,20,"void phi::VecReduceKernel<(int)128, (int)4, phi::ReduceExecutor<float, phi::kps::MeanOps<float, float, float>, float, (int)4, (int)4>>(T3)"
8195579734,3136,5829,3,1,1,128,1,1,47,0.002,0.000,None,,None,None,NVIDIA A100-SXM4-80GB (0),1,20,"void gemv2T_kernel_val<int, int, float, float, float, float, (int)128, (int)16, (int)2, (int)2, (bool)0, (bool)0, cublasGemvParamsEx<int, cublasGemvTensorStridedBatched<const float>, cublasGemvTensorStridedBatched<const float>, cublasGemvTensorStridedBatched<float>, float>>(T13, T6, T6)"
8195602678,2144,5833,1,1,1,32,1,1,16,0.000,0.000,None,,None,None,NVIDIA A100-SXM4-80GB (0),1,20,fn_reshape_gs_bc_add_full_gs_bc_max__11008249055510313070_COND__FPA__FPA__FPA__FPA_S0MUL18ll_BPA_GE1ll_BPA_AND_FPA__FPA_S0MUL18ll_BPA_LE1023ll_BPA__BPA_AND_FPA__FPA_S0MUL18ll_BPA_LE2147483647ll_BPA__BPA___kernel
8195643861,3456,5836,3,1,1,4,32,1,159,0.000,0.001,None,,None,None,NVIDIA A100-SXM4-80GB (0),1,20,"std::enable_if<!T7, void>::type internal::gemvx::kernel<int, int, float, float, float, float, (bool)0, (bool)1, (bool)1, (bool)0, (int)7, (bool)0, cublasGemvParamsEx<int, cublasGemvTensorStridedBatched<const float>, cublasGemvTensorStridedBatched<const float>, cublasGemvTensorStridedBatched<float>, float>>(T13)"
8195662901,2400,5840,3,1,1,32,1,1,16,0.000,0.000,None,,None,None,NVIDIA A100-SXM4-80GB (0),1,20,fn_reshape_gs_bc_add_full_full_full_full_gs_bc_mul_gs_bc_add_gs_bc_min_gs_bc_max_gs_bc_mul__17594470531925998404_COND__FPA__FPA__FPA__FPA__FPA__FPA_S0MULS1_BPA_MULS2_BPA_MUL72ll_BPA_GE1ll_BPA_AND_FPA__FPA__FPA__FPA_S0MULS1_BPA_MULS2_BPA_MUL72ll_BPA_LE1023ll_BPA__BPA_AND_FPA__FPA__FPA_S0MUL72ll_BPA_LE2147483647ll_BPA_AND_FPA__FPA__FPA__FPA_S0MULS1_BPA_MULS2_BPA_MUL72ll_BPA_LE2147483647ll_BPA__BPA__BPA___kernel
8195949684,4000,5846,2,1,1,16,1,1,48,0.000,0.000,None,,None,None,NVIDIA A100-SXM4-80GB (0),1,20,"void phi::VecReduceKernel<(int)128, (int)4, phi::ReduceExecutor<float, phi::kps::MeanOps<float, float, float>, float, (int)4, (int)4>>(T3)"
8196017908,3040,5850,3,1,1,128,1,1,47,0.002,0.000,None,,None,None,NVIDIA A100-SXM4-80GB (0),1,20,"void gemv2T_kernel_val<int, int, float, float, float, float, (int)128, (int)16, (int)2, (int)2, (bool)0, (bool)0, cublasGemvParamsEx<int, cublasGemvTensorStridedBatched<const float>, cublasGemvTensorStridedBatched<const float>, cublasGemvTensorStridedBatched<float>, float>>(T13, T6, T6)"
8196041140,2144,5854,1,1,1,32,1,1,16,0.000,0.000,None,,None,None,NVIDIA A100-SXM4-80GB (0),1,20,fn_reshape_gs_bc_add_full_gs_bc_max__11008249055510313070_COND__FPA__FPA__FPA__FPA_S0MUL18ll_BPA_GE1ll_BPA_AND_FPA__FPA_S0MUL18ll_BPA_LE1023ll_BPA__BPA_AND_FPA__FPA_S0MUL18ll_BPA_LE2147483647ll_BPA__BPA___kernel
8196082612,3296,5857,3,1,1,4,32,1,159,0.000,0.001,None,,None,None,NVIDIA A100-SXM4-80GB (0),1,20,"std::enable_if<!T7, void>::type internal::gemvx::kernel<int, int, float, float, float, float, (bool)0, (bool)1, (bool)1, (bool)0, (int)7, (bool)0, cublasGemvParamsEx<int, cublasGemvTensorStridedBatched<const float>, cublasGemvTensorStridedBatched<const float>, cublasGemvTensorStridedBatched<float>, float>>(T13)"
8196100691,2400,5861,3,1,1,32,1,1,16,0.000,0.000,None,,None,None,NVIDIA A100-SXM4-80GB (0),1,20,fn_reshape_gs_bc_add_full_full_full_full_gs_bc_mul_gs_bc_add_gs_bc_min_gs_bc_max_gs_bc_mul__17594470531925998404_COND__FPA__FPA__FPA__FPA__FPA__FPA_S0MULS1_BPA_MULS2_BPA_MUL72ll_BPA_GE1ll_BPA_AND_FPA__FPA__FPA__FPA_S0MULS1_BPA_MULS2_BPA_MUL72ll_BPA_LE1023ll_BPA__BPA_AND_FPA__FPA__FPA_S0MUL72ll_BPA_LE2147483647ll_BPA_AND_FPA__FPA__FPA__FPA_S0MULS1_BPA_MULS2_BPA_MUL72ll_BPA_LE2147483647ll_BPA__BPA__BPA___kernel
8196368850,3968,5867,2,1,1,16,1,1,48,0.000,0.000,None,,None,None,NVIDIA A100-SXM4-80GB (0),1,20,"void phi::VecReduceKernel<(int)128, (int)4, phi::ReduceExecutor<float, phi::kps::MeanOps<float, float, float>, float, (int)4, (int)4>>(T3)"
8196435634,3168,5871,3,1,1,128,1,1,47,0.002,0.000,None,,None,None,NVIDIA A100-SXM4-80GB (0),1,20,"void gemv2T_kernel_val<int, int, float, float, float, float, (int)128, (int)16, (int)2, (int)2, (bool)0, (bool)0, cublasGemvParamsEx<int, cublasGemvTensorStridedBatched<const float>, cublasGemvTensorStridedBatched<const float>, cublasGemvTensorStridedBatched<float>, float>>(T13, T6, T6)"
8196458546,2144,5875,1,1,1,32,1,1,16,0.000,0.000,None,,None,None,NVIDIA A100-SXM4-80GB (0),1,20,fn_reshape_gs_bc_add_full_gs_bc_max__11008249055510313070_COND__FPA__FPA__FPA__FPA_S0MUL18ll_BPA_GE1ll_BPA_AND_FPA__FPA_S0MUL18ll_BPA_LE1023ll_BPA__BPA_AND_FPA__FPA_S0MUL18ll_BPA_LE2147483647ll_BPA__BPA___kernel
8196499601,3456,5878,3,1,1,4,32,1,159,0.000,0.001,None,,None,None,NVIDIA A100-SXM4-80GB (0),1,20,"std::enable_if<!T7, void>::type internal::gemvx::kernel<int, int, float, float, float, float, (bool)0, (bool)1, (bool)1, (bool)0, (int)7, (bool)0, cublasGemvParamsEx<int, cublasGemvTensorStridedBatched<const float>, cublasGemvTensorStridedBatched<const float>, cublasGemvTensorStridedBatched<float>, float>>(T13)"
8196517682,2368,5882,3,1,1,32,1,1,16,0.000,0.000,None,,None,None,NVIDIA A100-SXM4-80GB (0),1,20,fn_reshape_gs_bc_add_full_full_full_full_gs_bc_mul_gs_bc_add_gs_bc_min_gs_bc_max_gs_bc_mul__17594470531925998404_COND__FPA__FPA__FPA__FPA__FPA__FPA_S0MULS1_BPA_MULS2_BPA_MUL72ll_BPA_GE1ll_BPA_AND_FPA__FPA__FPA__FPA_S0MULS1_BPA_MULS2_BPA_MUL72ll_BPA_LE1023ll_BPA__BPA_AND_FPA__FPA__FPA_S0MUL72ll_BPA_LE2147483647ll_BPA_AND_FPA__FPA__FPA__FPA_S0MULS1_BPA_MULS2_BPA_MUL72ll_BPA_LE2147483647ll_BPA__BPA__BPA___kernel
8196793008,3968,5888,2,1,1,16,1,1,48,0.000,0.000,None,,None,None,NVIDIA A100-SXM4-80GB (0),1,20,"void phi::VecReduceKernel<(int)128, (int)4, phi::ReduceExecutor<float, phi::kps::MeanOps<float, float, float>, float, (int)4, (int)4>>(T3)"
8196868112,3040,5892,3,1,1,128,1,1,47,0.002,0.000,None,,None,None,NVIDIA A100-SXM4-80GB (0),1,20,"void gemv2T_kernel_val<int, int, float, float, float, float, (int)128, (int)16, (int)2, (int)2, (bool)0, (bool)0, cublasGemvParamsEx<int, cublasGemvTensorStridedBatched<const float>, cublasGemvTensorStridedBatched<const float>, cublasGemvTensorStridedBatched<float>, float>>(T13, T6, T6)"
8196891440,2144,5896,1,1,1,32,1,1,16,0.000,0.000,None,,None,None,NVIDIA A100-SXM4-80GB (0),1,20,fn_reshape_gs_bc_add_full_gs_bc_max__11008249055510313070_COND__FPA__FPA__FPA__FPA_S0MUL18ll_BPA_GE1ll_BPA_AND_FPA__FPA_S0MUL18ll_BPA_LE1023ll_BPA__BPA_AND_FPA__FPA_S0MUL18ll_BPA_LE2147483647ll_BPA__BPA___kernel
8196933392,3296,5899,3,1,1,4,32,1,159,0.000,0.001,None,,None,None,NVIDIA A100-SXM4-80GB (0),1,20,"std::enable_if<!T7, void>::type internal::gemvx::kernel<int, int, float, float, float, float, (bool)0, (bool)1, (bool)1, (bool)0, (int)7, (bool)0, cublasGemvParamsEx<int, cublasGemvTensorStridedBatched<const float>, cublasGemvTensorStridedBatched<const float>, cublasGemvTensorStridedBatched<float>, float>>(T13)"
8196951503,2368,5903,3,1,1,32,1,1,16,0.000,0.000,None,,None,None,NVIDIA A100-SXM4-80GB (0),1,20,fn_reshape_gs_bc_add_full_full_full_full_gs_bc_mul_gs_bc_add_gs_bc_min_gs_bc_max_gs_bc_mul__17594470531925998404_COND__FPA__FPA__FPA__FPA__FPA__FPA_S0MULS1_BPA_MULS2_BPA_MUL72ll_BPA_GE1ll_BPA_AND_FPA__FPA__FPA__FPA_S0MULS1_BPA_MULS2_BPA_MUL72ll_BPA_LE1023ll_BPA__BPA_AND_FPA__FPA__FPA_S0MUL72ll_BPA_LE2147483647ll_BPA_AND_FPA__FPA__FPA__FPA_S0MULS1_BPA_MULS2_BPA_MUL72ll_BPA_LE2147483647ll_BPA__BPA__BPA___kernel
8197228622,3936,5909,2,1,1,16,1,1,48,0.000,0.000,None,,None,None,NVIDIA A100-SXM4-80GB (0),1,20,"void phi::VecReduceKernel<(int)128, (int)4, phi::ReduceExecutor<float, phi::kps::MeanOps<float, float, float>, float, (int)4, (int)4>>(T3)"
8197295822,3168,5913,3,1,1,128,1,1,47,0.002,0.000,None,,None,None,NVIDIA A100-SXM4-80GB (0),1,20,"void gemv2T_kernel_val<int, int, float, float, float, float, (int)128, (int)16, (int)2, (int)2, (bool)0, (bool)0, cublasGemvParamsEx<int, cublasGemvTensorStridedBatched<const float>, cublasGemvTensorStridedBatched<const float>, cublasGemvTensorStridedBatched<float>, float>>(T13, T6, T6)"
8197318318,2176,5917,1,1,1,32,1,1,16,0.000,0.000,None,,None,None,NVIDIA A100-SXM4-80GB (0),1,20,fn_reshape_gs_bc_add_full_gs_bc_max__11008249055510313070_COND__FPA__FPA__FPA__FPA_S0MUL18ll_BPA_GE1ll_BPA_AND_FPA__FPA_S0MUL18ll_BPA_LE1023ll_BPA__BPA_AND_FPA__FPA_S0MUL18ll_BPA_LE2147483647ll_BPA__BPA___kernel
8197359150,3456,5920,3,1,1,4,32,1,159,0.000,0.001,None,,None,None,NVIDIA A100-SXM4-80GB (0),1,20,"std::enable_if<!T7, void>::type internal::gemvx::kernel<int, int, float, float, float, float, (bool)0, (bool)1, (bool)1, (bool)0, (int)7, (bool)0, cublasGemvParamsEx<int, cublasGemvTensorStridedBatched<const float>, cublasGemvTensorStridedBatched<const float>, cublasGemvTensorStridedBatched<float>, float>>(T13)"
8197377646,2400,5924,3,1,1,32,1,1,16,0.000,0.000,None,,None,None,NVIDIA A100-SXM4-80GB (0),1,20,fn_reshape_gs_bc_add_full_full_full_full_gs_bc_mul_gs_bc_add_gs_bc_min_gs_bc_max_gs_bc_mul__17594470531925998404_COND__FPA__FPA__FPA__FPA__FPA__FPA_S0MULS1_BPA_MULS2_BPA_MUL72ll_BPA_GE1ll_BPA_AND_FPA__FPA__FPA__FPA_S0MULS1_BPA_MULS2_BPA_MUL72ll_BPA_LE1023ll_BPA__BPA_AND_FPA__FPA__FPA_S0MUL72ll_BPA_LE2147483647ll_BPA_AND_FPA__FPA__FPA__FPA_S0MULS1_BPA_MULS2_BPA_MUL72ll_BPA_LE2147483647ll_BPA__BPA__BPA___kernel
8197653228,3968,5930,2,1,1,16,1,1,48,0.000,0.000,None,,None,None,NVIDIA A100-SXM4-80GB (0),1,20,"void phi::VecReduceKernel<(int)128, (int)4, phi::ReduceExecutor<float, phi::kps::MeanOps<float, float, float>, float, (int)4, (int)4>>(T3)"
8197727660,3040,5934,3,1,1,128,1,1,47,0.002,0.000,None,,None,None,NVIDIA A100-SXM4-80GB (0),1,20,"void gemv2T_kernel_val<int, int, float, float, float, float, (int)128, (int)16, (int)2, (int)2, (bool)0, (bool)0, cublasGemvParamsEx<int, cublasGemvTensorStridedBatched<const float>, cublasGemvTensorStridedBatched<const float>, cublasGemvTensorStridedBatched<float>, float>>(T13, T6, T6)"
8197750668,2144,5938,1,1,1,32,1,1,16,0.000,0.000,None,,None,None,NVIDIA A100-SXM4-80GB (0),1,20,fn_reshape_gs_bc_add_full_gs_bc_max__11008249055510313070_COND__FPA__FPA__FPA__FPA_S0MUL18ll_BPA_GE1ll_BPA_AND_FPA__FPA_S0MUL18ll_BPA_LE1023ll_BPA__BPA_AND_FPA__FPA_S0MUL18ll_BPA_LE2147483647ll_BPA__BPA___kernel
8197792588,3296,5941,3,1,1,4,32,1,159,0.000,0.001,None,,None,None,NVIDIA A100-SXM4-80GB (0),1,20,"std::enable_if<!T7, void>::type internal::gemvx::kernel<int, int, float, float, float, float, (bool)0, (bool)1, (bool)1, (bool)0, (int)7, (bool)0, cublasGemvParamsEx<int, cublasGemvTensorStridedBatched<const float>, cublasGemvTensorStridedBatched<const float>, cublasGemvTensorStridedBatched<float>, float>>(T13)"
8197810668,2400,5945,3,1,1,32,1,1,16,0.000,0.000,None,,None,None,NVIDIA A100-SXM4-80GB (0),1,20,fn_reshape_gs_bc_add_full_full_full_full_gs_bc_mul_gs_bc_add_gs_bc_min_gs_bc_max_gs_bc_mul__17594470531925998404_COND__FPA__FPA__FPA__FPA__FPA__FPA_S0MULS1_BPA_MULS2_BPA_MUL72ll_BPA_GE1ll_BPA_AND_FPA__FPA__FPA__FPA_S0MULS1_BPA_MULS2_BPA_MUL72ll_BPA_LE1023ll_BPA__BPA_AND_FPA__FPA__FPA_S0MUL72ll_BPA_LE2147483647ll_BPA_AND_FPA__FPA__FPA__FPA_S0MULS1_BPA_MULS2_BPA_MUL72ll_BPA_LE2147483647ll_BPA__BPA__BPA___kernel
8198078795,3968,5951,2,1,1,16,1,1,48,0.000,0.000,None,,None,None,NVIDIA A100-SXM4-80GB (0),1,20,"void phi::VecReduceKernel<(int)128, (int)4, phi::ReduceExecutor<float, phi::kps::MeanOps<float, float, float>, float, (int)4, (int)4>>(T3)"
8198148778,3136,5955,3,1,1,128,1,1,47,0.002,0.000,None,,None,None,NVIDIA A100-SXM4-80GB (0),1,20,"void gemv2T_kernel_val<int, int, float, float, float, float, (int)128, (int)16, (int)2, (int)2, (bool)0, (bool)0, cublasGemvParamsEx<int, cublasGemvTensorStridedBatched<const float>, cublasGemvTensorStridedBatched<const float>, cublasGemvTensorStridedBatched<float>, float>>(T13, T6, T6)"
8198172106,2144,5959,1,1,1,32,1,1,16,0.000,0.000,None,,None,None,NVIDIA A100-SXM4-80GB (0),1,20,fn_reshape_gs_bc_add_full_gs_bc_max__11008249055510313070_COND__FPA__FPA__FPA__FPA_S0MUL18ll_BPA_GE1ll_BPA_AND_FPA__FPA_S0MUL18ll_BPA_LE1023ll_BPA__BPA_AND_FPA__FPA_S0MUL18ll_BPA_LE2147483647ll_BPA__BPA___kernel
8198212970,3456,5962,3,1,1,4,32,1,159,0.000,0.001,None,,None,None,NVIDIA A100-SXM4-80GB (0),1,20,"std::enable_if<!T7, void>::type internal::gemvx::kernel<int, int, float, float, float, float, (bool)0, (bool)1, (bool)1, (bool)0, (int)7, (bool)0, cublasGemvParamsEx<int, cublasGemvTensorStridedBatched<const float>, cublasGemvTensorStridedBatched<const float>, cublasGemvTensorStridedBatched<float>, float>>(T13)"
8198238090,2368,5966,3,1,1,32,1,1,16,0.000,0.000,None,,None,None,NVIDIA A100-SXM4-80GB (0),1,20,fn_reshape_gs_bc_add_full_full_full_full_gs_bc_mul_gs_bc_add_gs_bc_min_gs_bc_max_gs_bc_mul__17594470531925998404_COND__FPA__FPA__FPA__FPA__FPA__FPA_S0MULS1_BPA_MULS2_BPA_MUL72ll_BPA_GE1ll_BPA_AND_FPA__FPA__FPA__FPA_S0MULS1_BPA_MULS2_BPA_MUL72ll_BPA_LE1023ll_BPA__BPA_AND_FPA__FPA__FPA_S0MUL72ll_BPA_LE2147483647ll_BPA_AND_FPA__FPA__FPA__FPA_S0MULS1_BPA_MULS2_BPA_MUL72ll_BPA_LE2147483647ll_BPA__BPA__BPA___kernel
8198505224,3968,5972,2,1,1,16,1,1,48,0.000,0.000,None,,None,None,NVIDIA A100-SXM4-80GB (0),1,20,"void phi::VecReduceKernel<(int)128, (int)4, phi::ReduceExecutor<float, phi::kps::MeanOps<float, float, float>, float, (int)4, (int)4>>(T3)"
8198572680,3040,5976,3,1,1,128,1,1,47,0.002,0.000,None,,None,None,NVIDIA A100-SXM4-80GB (0),1,20,"void gemv2T_kernel_val<int, int, float, float, float, float, (int)128, (int)16, (int)2, (int)2, (bool)0, (bool)0, cublasGemvParamsEx<int, cublasGemvTensorStridedBatched<const float>, cublasGemvTensorStridedBatched<const float>, cublasGemvTensorStridedBatched<float>, float>>(T13, T6, T6)"
8198595400,2144,5980,1,1,1,32,1,1,16,0.000,0.000,None,,None,None,NVIDIA A100-SXM4-80GB (0),1,20,fn_reshape_gs_bc_add_full_gs_bc_max__11008249055510313070_COND__FPA__FPA__FPA__FPA_S0MUL18ll_BPA_GE1ll_BPA_AND_FPA__FPA_S0MUL18ll_BPA_LE1023ll_BPA__BPA_AND_FPA__FPA_S0MUL18ll_BPA_LE2147483647ll_BPA__BPA___kernel
8198636808,3328,5983,3,1,1,4,32,1,159,0.000,0.001,None,,None,None,NVIDIA A100-SXM4-80GB (0),1,20,"std::enable_if<!T7, void>::type internal::gemvx::kernel<int, int, float, float, float, float, (bool)0, (bool)1, (bool)1, (bool)0, (int)7, (bool)0, cublasGemvParamsEx<int, cublasGemvTensorStridedBatched<const float>, cublasGemvTensorStridedBatched<const float>, cublasGemvTensorStridedBatched<float>, float>>(T13)"
8198654760,2368,5987,3,1,1,32,1,1,16,0.000,0.000,None,,None,None,NVIDIA A100-SXM4-80GB (0),1,20,fn_reshape_gs_bc_add_full_full_full_full_gs_bc_mul_gs_bc_add_gs_bc_min_gs_bc_max_gs_bc_mul__17594470531925998404_COND__FPA__FPA__FPA__FPA__FPA__FPA_S0MULS1_BPA_MULS2_BPA_MUL72ll_BPA_GE1ll_BPA_AND_FPA__FPA__FPA__FPA_S0MULS1_BPA_MULS2_BPA_MUL72ll_BPA_LE1023ll_BPA__BPA_AND_FPA__FPA__FPA_S0MUL72ll_BPA_LE2147483647ll_BPA_AND_FPA__FPA__FPA__FPA_S0MULS1_BPA_MULS2_BPA_MUL72ll_BPA_LE2147483647ll_BPA__BPA__BPA___kernel
8198934375,3967,5993,2,1,1,16,1,1,48,0.000,0.000,None,,None,None,NVIDIA A100-SXM4-80GB (0),1,20,"void phi::VecReduceKernel<(int)128, (int)4, phi::ReduceExecutor<float, phi::kps::MeanOps<float, float, float>, float, (int)4, (int)4>>(T3)"
8199001414,3168,5997,3,1,1,128,1,1,47,0.002,0.000,None,,None,None,NVIDIA A100-SXM4-80GB (0),1,20,"void gemv2T_kernel_val<int, int, float, float, float, float, (int)128, (int)16, (int)2, (int)2, (bool)0, (bool)0, cublasGemvParamsEx<int, cublasGemvTensorStridedBatched<const float>, cublasGemvTensorStridedBatched<const float>, cublasGemvTensorStridedBatched<float>, float>>(T13, T6, T6)"
8199026054,2144,6001,1,1,1,32,1,1,16,0.000,0.000,None,,None,None,NVIDIA A100-SXM4-80GB (0),1,20,fn_reshape_gs_bc_add_full_gs_bc_max__11008249055510313070_COND__FPA__FPA__FPA__FPA_S0MUL18ll_BPA_GE1ll_BPA_AND_FPA__FPA_S0MUL18ll_BPA_LE1023ll_BPA__BPA_AND_FPA__FPA_S0MUL18ll_BPA_LE2147483647ll_BPA__BPA___kernel
8199067366,3456,6004,3,1,1,4,32,1,159,0.000,0.001,None,,None,None,NVIDIA A100-SXM4-80GB (0),1,20,"std::enable_if<!T7, void>::type internal::gemvx::kernel<int, int, float, float, float, float, (bool)0, (bool)1, (bool)1, (bool)0, (int)7, (bool)0, cublasGemvParamsEx<int, cublasGemvTensorStridedBatched<const float>, cublasGemvTensorStridedBatched<const float>, cublasGemvTensorStridedBatched<float>, float>>(T13)"
8199085478,2400,6008,3,1,1,32,1,1,16,0.000,0.000,None,,None,None,NVIDIA A100-SXM4-80GB (0),1,20,fn_reshape_gs_bc_add_full_full_full_full_gs_bc_mul_gs_bc_add_gs_bc_min_gs_bc_max_gs_bc_mul__17594470531925998404_COND__FPA__FPA__FPA__FPA__FPA__FPA_S0MULS1_BPA_MULS2_BPA_MUL72ll_BPA_GE1ll_BPA_AND_FPA__FPA__FPA__FPA_S0MULS1_BPA_MULS2_BPA_MUL72ll_BPA_LE1023ll_BPA__BPA_AND_FPA__FPA__FPA_S0MUL72ll_BPA_LE2147483647ll_BPA_AND_FPA__FPA__FPA__FPA_S0MULS1_BPA_MULS2_BPA_MUL72ll_BPA_LE2147483647ll_BPA__BPA__BPA___kernel
8199360357,3968,6014,2,1,1,16,1,1,48,0.000,0.000,None,,None,None,NVIDIA A100-SXM4-80GB (0),1,20,"void phi::VecReduceKernel<(int)128, (int)4, phi::ReduceExecutor<float, phi::kps::MeanOps<float, float, float>, float, (int)4, (int)4>>(T3)"
8199427684,3008,6018,3,1,1,128,1,1,47,0.002,0.000,None,,None,None,NVIDIA A100-SXM4-80GB (0),1,20,"void gemv2T_kernel_val<int, int, float, float, float, float, (int)128, (int)16, (int)2, (int)2, (bool)0, (bool)0, cublasGemvParamsEx<int, cublasGemvTensorStridedBatched<const float>, cublasGemvTensorStridedBatched<const float>, cublasGemvTensorStridedBatched<float>, float>>(T13, T6, T6)"
8199450148,2144,6022,1,1,1,32,1,1,16,0.000,0.000,None,,None,None,NVIDIA A100-SXM4-80GB (0),1,20,fn_reshape_gs_bc_add_full_gs_bc_max__11008249055510313070_COND__FPA__FPA__FPA__FPA_S0MUL18ll_BPA_GE1ll_BPA_AND_FPA__FPA_S0MUL18ll_BPA_LE1023ll_BPA__BPA_AND_FPA__FPA_S0MUL18ll_BPA_LE2147483647ll_BPA__BPA___kernel
8199492740,3328,6025,3,1,1,4,32,1,159,0.000,0.001,None,,None,None,NVIDIA A100-SXM4-80GB (0),1,20,"std::enable_if<!T7, void>::type internal::gemvx::kernel<int, int, float, float, float, float, (bool)0, (bool)1, (bool)1, (bool)0, (int)7, (bool)0, cublasGemvParamsEx<int, cublasGemvTensorStridedBatched<const float>, cublasGemvTensorStridedBatched<const float>, cublasGemvTensorStridedBatched<float>, float>>(T13)"
8199510884,2400,6029,3,1,1,32,1,1,16,0.000,0.000,None,,None,None,NVIDIA A100-SXM4-80GB (0),1,20,fn_reshape_gs_bc_add_full_full_full_full_gs_bc_mul_gs_bc_add_gs_bc_min_gs_bc_max_gs_bc_mul__17594470531925998404_COND__FPA__FPA__FPA__FPA__FPA__FPA_S0MULS1_BPA_MULS2_BPA_MUL72ll_BPA_GE1ll_BPA_AND_FPA__FPA__FPA__FPA_S0MULS1_BPA_MULS2_BPA_MUL72ll_BPA_LE1023ll_BPA__BPA_AND_FPA__FPA__FPA_S0MUL72ll_BPA_LE2147483647ll_BPA_AND_FPA__FPA__FPA__FPA_S0MULS1_BPA_MULS2_BPA_MUL72ll_BPA_LE2147483647ll_BPA__BPA__BPA___kernel
8199801826,3969,6035,2,1,1,16,1,1,48,0.000,0.000,None,,None,None,NVIDIA A100-SXM4-80GB (0),1,20,"void phi::VecReduceKernel<(int)128, (int)4, phi::ReduceExecutor<float, phi::kps::MeanOps<float, float, float>, float, (int)4, (int)4>>(T3)"
8199875106,3136,6039,3,1,1,128,1,1,47,0.002,0.000,None,,None,None,NVIDIA A100-SXM4-80GB (0),1,20,"void gemv2T_kernel_val<int, int, float, float, float, float, (int)128, (int)16, (int)2, (int)2, (bool)0, (bool)0, cublasGemvParamsEx<int, cublasGemvTensorStridedBatched<const float>, cublasGemvTensorStridedBatched<const float>, cublasGemvTensorStridedBatched<float>, float>>(T13, T6, T6)"
8199900418,2144,6043,1,1,1,32,1,1,16,0.000,0.000,None,,None,None,NVIDIA A100-SXM4-80GB (0),1,20,fn_reshape_gs_bc_add_full_gs_bc_max__11008249055510313070_COND__FPA__FPA__FPA__FPA_S0MUL18ll_BPA_GE1ll_BPA_AND_FPA__FPA_S0MUL18ll_BPA_LE1023ll_BPA__BPA_AND_FPA__FPA_S0MUL18ll_BPA_LE2147483647ll_BPA__BPA___kernel
8199942818,3456,6046,3,1,1,4,32,1,159,0.000,0.001,None,,None,None,NVIDIA A100-SXM4-80GB (0),1,20,"std::enable_if<!T7, void>::type internal::gemvx::kernel<int, int, float, float, float, float, (bool)0, (bool)1, (bool)1, (bool)0, (int)7, (bool)0, cublasGemvParamsEx<int, cublasGemvTensorStridedBatched<const float>, cublasGemvTensorStridedBatched<const float>, cublasGemvTensorStridedBatched<float>, float>>(T13)"
8199960578,2400,6050,3,1,1,32,1,1,16,0.000,0.000,None,,None,None,NVIDIA A100-SXM4-80GB (0),1,20,fn_reshape_gs_bc_add_full_full_full_full_gs_bc_mul_gs_bc_add_gs_bc_min_gs_bc_max_gs_bc_mul__17594470531925998404_COND__FPA__FPA__FPA__FPA__FPA__FPA_S0MULS1_BPA_MULS2_BPA_MUL72ll_BPA_GE1ll_BPA_AND_FPA__FPA__FPA__FPA_S0MULS1_BPA_MULS2_BPA_MUL72ll_BPA_LE1023ll_BPA__BPA_AND_FPA__FPA__FPA_S0MUL72ll_BPA_LE2147483647ll_BPA_AND_FPA__FPA__FPA__FPA_S0MULS1_BPA_MULS2_BPA_MUL72ll_BPA_LE2147483647ll_BPA__BPA__BPA___kernel
8200228449,3968,6056,2,1,1,16,1,1,48,0.000,0.000,None,,None,None,NVIDIA A100-SXM4-80GB (0),1,20,"void phi::VecReduceKernel<(int)128, (int)4, phi::ReduceExecutor<float, phi::kps::MeanOps<float, float, float>, float, (int)4, (int)4>>(T3)"
8200296480,3040,6060,3,1,1,128,1,1,47,0.002,0.000,None,,None,None,NVIDIA A100-SXM4-80GB (0),1,20,"void gemv2T_kernel_val<int, int, float, float, float, float, (int)128, (int)16, (int)2, (int)2, (bool)0, (bool)0, cublasGemvParamsEx<int, cublasGemvTensorStridedBatched<const float>, cublasGemvTensorStridedBatched<const float>, cublasGemvTensorStridedBatched<float>, float>>(T13, T6, T6)"
8200319424,2144,6064,1,1,1,32,1,1,16,0.000,0.000,None,,None,None,NVIDIA A100-SXM4-80GB (0),1,20,fn_reshape_gs_bc_add_full_gs_bc_max__11008249055510313070_COND__FPA__FPA__FPA__FPA_S0MUL18ll_BPA_GE1ll_BPA_AND_FPA__FPA_S0MUL18ll_BPA_LE1023ll_BPA__BPA_AND_FPA__FPA_S0MUL18ll_BPA_LE2147483647ll_BPA__BPA___kernel
8200360448,3328,6067,3,1,1,4,32,1,159,0.000,0.001,None,,None,None,NVIDIA A100-SXM4-80GB (0),1,20,"std::enable_if<!T7, void>::type internal::gemvx::kernel<int, int, float, float, float, float, (bool)0, (bool)1, (bool)1, (bool)0, (int)7, (bool)0, cublasGemvParamsEx<int, cublasGemvTensorStridedBatched<const float>, cublasGemvTensorStridedBatched<const float>, cublasGemvTensorStridedBatched<float>, float>>(T13)"
8200378464,2368,6071,3,1,1,32,1,1,16,0.000,0.000,None,,None,None,NVIDIA A100-SXM4-80GB (0),1,20,fn_reshape_gs_bc_add_full_full_full_full_gs_bc_mul_gs_bc_add_gs_bc_min_gs_bc_max_gs_bc_mul__17594470531925998404_COND__FPA__FPA__FPA__FPA__FPA__FPA_S0MULS1_BPA_MULS2_BPA_MUL72ll_BPA_GE1ll_BPA_AND_FPA__FPA__FPA__FPA_S0MULS1_BPA_MULS2_BPA_MUL72ll_BPA_LE1023ll_BPA__BPA_AND_FPA__FPA__FPA_S0MUL72ll_BPA_LE2147483647ll_BPA_AND_FPA__FPA__FPA__FPA_S0MULS1_BPA_MULS2_BPA_MUL72ll_BPA_LE2147483647ll_BPA__BPA__BPA___kernel
8200647487,3968,6077,2,1,1,16,1,1,48,0.000,0.000,None,,None,None,NVIDIA A100-SXM4-80GB (0),1,20,"void phi::VecReduceKernel<(int)128, (int)4, phi::ReduceExecutor<float, phi::kps::MeanOps<float, float, float>, float, (int)4, (int)4>>(T3)"
8200722495,3168,6081,3,1,1,128,1,1,47,0.002,0.000,None,,None,None,NVIDIA A100-SXM4-80GB (0),1,20,"void gemv2T_kernel_val<int, int, float, float, float, float, (int)128, (int)16, (int)2, (int)2, (bool)0, (bool)0, cublasGemvParamsEx<int, cublasGemvTensorStridedBatched<const float>, cublasGemvTensorStridedBatched<const float>, cublasGemvTensorStridedBatched<float>, float>>(T13, T6, T6)"
8200745630,2144,6085,1,1,1,32,1,1,16,0.000,0.000,None,,None,None,NVIDIA A100-SXM4-80GB (0),1,20,fn_reshape_gs_bc_add_full_gs_bc_max__11008249055510313070_COND__FPA__FPA__FPA__FPA_S0MUL18ll_BPA_GE1ll_BPA_AND_FPA__FPA_S0MUL18ll_BPA_LE1023ll_BPA__BPA_AND_FPA__FPA_S0MUL18ll_BPA_LE2147483647ll_BPA__BPA___kernel
8200790174,3456,6088,3,1,1,4,32,1,159,0.000,0.001,None,,None,None,NVIDIA A100-SXM4-80GB (0),1,20,"std::enable_if<!T7, void>::type internal::gemvx::kernel<int, int, float, float, float, float, (bool)0, (bool)1, (bool)1, (bool)0, (int)7, (bool)0, cublasGemvParamsEx<int, cublasGemvTensorStridedBatched<const float>, cublasGemvTensorStridedBatched<const float>, cublasGemvTensorStridedBatched<float>, float>>(T13)"
8200808766,2400,6092,3,1,1,32,1,1,16,0.000,0.000,None,,None,None,NVIDIA A100-SXM4-80GB (0),1,20,fn_reshape_gs_bc_add_full_full_full_full_gs_bc_mul_gs_bc_add_gs_bc_min_gs_bc_max_gs_bc_mul__17594470531925998404_COND__FPA__FPA__FPA__FPA__FPA__FPA_S0MULS1_BPA_MULS2_BPA_MUL72ll_BPA_GE1ll_BPA_AND_FPA__FPA__FPA__FPA_S0MULS1_BPA_MULS2_BPA_MUL72ll_BPA_LE1023ll_BPA__BPA_AND_FPA__FPA__FPA_S0MUL72ll_BPA_LE2147483647ll_BPA_AND_FPA__FPA__FPA__FPA_S0MULS1_BPA_MULS2_BPA_MUL72ll_BPA_LE2147483647ll_BPA__BPA__BPA___kernel
8201078269,3968,6098,2,1,1,16,1,1,48,0.000,0.000,None,,None,None,NVIDIA A100-SXM4-80GB (0),1,20,"void phi::VecReduceKernel<(int)128, (int)4, phi::ReduceExecutor<float, phi::kps::MeanOps<float, float, float>, float, (int)4, (int)4>>(T3)"
8201145436,3040,6102,3,1,1,128,1,1,47,0.002,0.000,None,,None,None,NVIDIA A100-SXM4-80GB (0),1,20,"void gemv2T_kernel_val<int, int, float, float, float, float, (int)128, (int)16, (int)2, (int)2, (bool)0, (bool)0, cublasGemvParamsEx<int, cublasGemvTensorStridedBatched<const float>, cublasGemvTensorStridedBatched<const float>, cublasGemvTensorStridedBatched<float>, float>>(T13, T6, T6)"
8201168252,2144,6106,1,1,1,32,1,1,16,0.000,0.000,None,,None,None,NVIDIA A100-SXM4-80GB (0),1,20,fn_reshape_gs_bc_add_full_gs_bc_max__11008249055510313070_COND__FPA__FPA__FPA__FPA_S0MUL18ll_BPA_GE1ll_BPA_AND_FPA__FPA_S0MUL18ll_BPA_LE1023ll_BPA__BPA_AND_FPA__FPA_S0MUL18ll_BPA_LE2147483647ll_BPA__BPA___kernel
8201220028,3328,6109,3,1,1,4,32,1,159,0.000,0.001,None,,None,None,NVIDIA A100-SXM4-80GB (0),1,20,"std::enable_if<!T7, void>::type internal::gemvx::kernel<int, int, float, float, float, float, (bool)0, (bool)1, (bool)1, (bool)0, (int)7, (bool)0, cublasGemvParamsEx<int, cublasGemvTensorStridedBatched<const float>, cublasGemvTensorStridedBatched<const float>, cublasGemvTensorStridedBatched<float>, float>>(T13)"
8201238652,2400,6113,3,1,1,32,1,1,16,0.000,0.000,None,,None,None,NVIDIA A100-SXM4-80GB (0),1,20,fn_reshape_gs_bc_add_full_full_full_full_gs_bc_mul_gs_bc_add_gs_bc_min_gs_bc_max_gs_bc_mul__17594470531925998404_COND__FPA__FPA__FPA__FPA__FPA__FPA_S0MULS1_BPA_MULS2_BPA_MUL72ll_BPA_GE1ll_BPA_AND_FPA__FPA__FPA__FPA_S0MULS1_BPA_MULS2_BPA_MUL72ll_BPA_LE1023ll_BPA__BPA_AND_FPA__FPA__FPA_S0MUL72ll_BPA_LE2147483647ll_BPA_AND_FPA__FPA__FPA__FPA_S0MULS1_BPA_MULS2_BPA_MUL72ll_BPA_LE2147483647ll_BPA__BPA__BPA___kernel
8201515899,3968,6119,2,1,1,16,1,1,48,0.000,0.000,None,,None,None,NVIDIA A100-SXM4-80GB (0),1,20,"void phi::VecReduceKernel<(int)128, (int)4, phi::ReduceExecutor<float, phi::kps::MeanOps<float, float, float>, float, (int)4, (int)4>>(T3)"
8201583642,3136,6123,3,1,1,128,1,1,47,0.002,0.000,None,,None,None,NVIDIA A100-SXM4-80GB (0),1,20,"void gemv2T_kernel_val<int, int, float, float, float, float, (int)128, (int)16, (int)2, (int)2, (bool)0, (bool)0, cublasGemvParamsEx<int, cublasGemvTensorStridedBatched<const float>, cublasGemvTensorStridedBatched<const float>, cublasGemvTensorStridedBatched<float>, float>>(T13, T6, T6)"
8201606522,2144,6127,1,1,1,32,1,1,16,0.000,0.000,None,,None,None,NVIDIA A100-SXM4-80GB (0),1,20,fn_reshape_gs_bc_add_full_gs_bc_max__11008249055510313070_COND__FPA__FPA__FPA__FPA_S0MUL18ll_BPA_GE1ll_BPA_AND_FPA__FPA_S0MUL18ll_BPA_LE1023ll_BPA__BPA_AND_FPA__FPA_S0MUL18ll_BPA_LE2147483647ll_BPA__BPA___kernel
8201648314,3456,6130,3,1,1,4,32,1,159,0.000,0.001,None,,None,None,NVIDIA A100-SXM4-80GB (0),1,20,"std::enable_if<!T7, void>::type internal::gemvx::kernel<int, int, float, float, float, float, (bool)0, (bool)1, (bool)1, (bool)0, (int)7, (bool)0, cublasGemvParamsEx<int, cublasGemvTensorStridedBatched<const float>, cublasGemvTensorStridedBatched<const float>, cublasGemvTensorStridedBatched<float>, float>>(T13)"
8201679546,2368,6134,3,1,1,32,1,1,16,0.000,0.000,None,,None,None,NVIDIA A100-SXM4-80GB (0),1,20,fn_reshape_gs_bc_add_full_full_full_full_gs_bc_mul_gs_bc_add_gs_bc_min_gs_bc_max_gs_bc_mul__17594470531925998404_COND__FPA__FPA__FPA__FPA__FPA__FPA_S0MULS1_BPA_MULS2_BPA_MUL72ll_BPA_GE1ll_BPA_AND_FPA__FPA__FPA__FPA_S0MULS1_BPA_MULS2_BPA_MUL72ll_BPA_LE1023ll_BPA__BPA_AND_FPA__FPA__FPA_S0MUL72ll_BPA_LE2147483647ll_BPA_AND_FPA__FPA__FPA__FPA_S0MULS1_BPA_MULS2_BPA_MUL72ll_BPA_LE2147483647ll_BPA__BPA__BPA___kernel
8201948025,3968,6140,2,1,1,16,1,1,48,0.000,0.000,None,,None,None,NVIDIA A100-SXM4-80GB (0),1,20,"void phi::VecReduceKernel<(int)128, (int)4, phi::ReduceExecutor<float, phi::kps::MeanOps<float, float, float>, float, (int)4, (int)4>>(T3)"
8202015449,3040,6144,3,1,1,128,1,1,47,0.002,0.000,None,,None,None,NVIDIA A100-SXM4-80GB (0),1,20,"void gemv2T_kernel_val<int, int, float, float, float, float, (int)128, (int)16, (int)2, (int)2, (bool)0, (bool)0, cublasGemvParamsEx<int, cublasGemvTensorStridedBatched<const float>, cublasGemvTensorStridedBatched<const float>, cublasGemvTensorStridedBatched<float>, float>>(T13, T6, T6)"
8202037976,2144,6148,1,1,1,32,1,1,16,0.000,0.000,None,,None,None,NVIDIA A100-SXM4-80GB (0),1,20,fn_reshape_gs_bc_add_full_gs_bc_max__11008249055510313070_COND__FPA__FPA__FPA__FPA_S0MUL18ll_BPA_GE1ll_BPA_AND_FPA__FPA_S0MUL18ll_BPA_LE1023ll_BPA__BPA_AND_FPA__FPA_S0MUL18ll_BPA_LE2147483647ll_BPA__BPA___kernel
8202079160,3328,6151,3,1,1,4,32,1,159,0.000,0.001,None,,None,None,NVIDIA A100-SXM4-80GB (0),1,20,"std::enable_if<!T7, void>::type internal::gemvx::kernel<int, int, float, float, float, float, (bool)0, (bool)1, (bool)1, (bool)0, (int)7, (bool)0, cublasGemvParamsEx<int, cublasGemvTensorStridedBatched<const float>, cublasGemvTensorStridedBatched<const float>, cublasGemvTensorStridedBatched<float>, float>>(T13)"
8202096952,2368,6155,3,1,1,32,1,1,16,0.000,0.000,None,,None,None,NVIDIA A100-SXM4-80GB (0),1,20,fn_reshape_gs_bc_add_full_full_full_full_gs_bc_mul_gs_bc_add_gs_bc_min_gs_bc_max_gs_bc_mul__17594470531925998404_COND__FPA__FPA__FPA__FPA__FPA__FPA_S0MULS1_BPA_MULS2_BPA_MUL72ll_BPA_GE1ll_BPA_AND_FPA__FPA__FPA__FPA_S0MULS1_BPA_MULS2_BPA_MUL72ll_BPA_LE1023ll_BPA__BPA_AND_FPA__FPA__FPA_S0MUL72ll_BPA_LE2147483647ll_BPA_AND_FPA__FPA__FPA__FPA_S0MULS1_BPA_MULS2_BPA_MUL72ll_BPA_LE2147483647ll_BPA__BPA__BPA___kernel
8202365399,3968,6161,2,1,1,16,1,1,48,0.000,0.000,None,,None,None,NVIDIA A100-SXM4-80GB (0),1,20,"void phi::VecReduceKernel<(int)128, (int)4, phi::ReduceExecutor<float, phi::kps::MeanOps<float, float, float>, float, (int)4, (int)4>>(T3)"
8202432886,3136,6165,3,1,1,128,1,1,47,0.002,0.000,None,,None,None,NVIDIA A100-SXM4-80GB (0),1,20,"void gemv2T_kernel_val<int, int, float, float, float, float, (int)128, (int)16, (int)2, (int)2, (bool)0, (bool)0, cublasGemvParamsEx<int, cublasGemvTensorStridedBatched<const float>, cublasGemvTensorStridedBatched<const float>, cublasGemvTensorStridedBatched<float>, float>>(T13, T6, T6)"
8202455318,2144,6169,1,1,1,32,1,1,16,0.000,0.000,None,,None,None,NVIDIA A100-SXM4-80GB (0),1,20,fn_reshape_gs_bc_add_full_gs_bc_max__11008249055510313070_COND__FPA__FPA__FPA__FPA_S0MUL18ll_BPA_GE1ll_BPA_AND_FPA__FPA_S0MUL18ll_BPA_LE1023ll_BPA__BPA_AND_FPA__FPA_S0MUL18ll_BPA_LE2147483647ll_BPA__BPA___kernel
8202496790,3456,6172,3,1,1,4,32,1,159,0.000,0.001,None,,None,None,NVIDIA A100-SXM4-80GB (0),1,20,"std::enable_if<!T7, void>::type internal::gemvx::kernel<int, int, float, float, float, float, (bool)0, (bool)1, (bool)1, (bool)0, (int)7, (bool)0, cublasGemvParamsEx<int, cublasGemvTensorStridedBatched<const float>, cublasGemvTensorStridedBatched<const float>, cublasGemvTensorStridedBatched<float>, float>>(T13)"
8202514390,2400,6176,3,1,1,32,1,1,16,0.000,0.000,None,,None,None,NVIDIA A100-SXM4-80GB (0),1,20,fn_reshape_gs_bc_add_full_full_full_full_gs_bc_mul_gs_bc_add_gs_bc_min_gs_bc_max_gs_bc_mul__17594470531925998404_COND__FPA__FPA__FPA__FPA__FPA__FPA_S0MULS1_BPA_MULS2_BPA_MUL72ll_BPA_GE1ll_BPA_AND_FPA__FPA__FPA__FPA_S0MULS1_BPA_MULS2_BPA_MUL72ll_BPA_LE1023ll_BPA__BPA_AND_FPA__FPA__FPA_S0MUL72ll_BPA_LE2147483647ll_BPA_AND_FPA__FPA__FPA__FPA_S0MULS1_BPA_MULS2_BPA_MUL72ll_BPA_LE2147483647ll_BPA__BPA__BPA___kernel
8202798677,3968,6182,2,1,1,16,1,1,48,0.000,0.000,None,,None,None,NVIDIA A100-SXM4-80GB (0),1,20,"void phi::VecReduceKernel<(int)128, (int)4, phi::ReduceExecutor<float, phi::kps::MeanOps<float, float, float>, float, (int)4, (int)4>>(T3)"
8202865557,3040,6186,3,1,1,128,1,1,47,0.002,0.000,None,,None,None,NVIDIA A100-SXM4-80GB (0),1,20,"void gemv2T_kernel_val<int, int, float, float, float, float, (int)128, (int)16, (int)2, (int)2, (bool)0, (bool)0, cublasGemvParamsEx<int, cublasGemvTensorStridedBatched<const float>, cublasGemvTensorStridedBatched<const float>, cublasGemvTensorStridedBatched<float>, float>>(T13, T6, T6)"
8202888692,2144,6190,1,1,1,32,1,1,16,0.000,0.000,None,,None,None,NVIDIA A100-SXM4-80GB (0),1,20,fn_reshape_gs_bc_add_full_gs_bc_max__11008249055510313070_COND__FPA__FPA__FPA__FPA_S0MUL18ll_BPA_GE1ll_BPA_AND_FPA__FPA_S0MUL18ll_BPA_LE1023ll_BPA__BPA_AND_FPA__FPA_S0MUL18ll_BPA_LE2147483647ll_BPA__BPA___kernel
8202930452,3328,6193,3,1,1,4,32,1,159,0.000,0.001,None,,None,None,NVIDIA A100-SXM4-80GB (0),1,20,"std::enable_if<!T7, void>::type internal::gemvx::kernel<int, int, float, float, float, float, (bool)0, (bool)1, (bool)1, (bool)0, (int)7, (bool)0, cublasGemvParamsEx<int, cublasGemvTensorStridedBatched<const float>, cublasGemvTensorStridedBatched<const float>, cublasGemvTensorStridedBatched<float>, float>>(T13)"
8202948276,2368,6197,3,1,1,32,1,1,16,0.000,0.000,None,,None,None,NVIDIA A100-SXM4-80GB (0),1,20,fn_reshape_gs_bc_add_full_full_full_full_gs_bc_mul_gs_bc_add_gs_bc_min_gs_bc_max_gs_bc_mul__17594470531925998404_COND__FPA__FPA__FPA__FPA__FPA__FPA_S0MULS1_BPA_MULS2_BPA_MUL72ll_BPA_GE1ll_BPA_AND_FPA__FPA__FPA__FPA_S0MULS1_BPA_MULS2_BPA_MUL72ll_BPA_LE1023ll_BPA__BPA_AND_FPA__FPA__FPA_S0MUL72ll_BPA_LE2147483647ll_BPA_AND_FPA__FPA__FPA__FPA_S0MULS1_BPA_MULS2_BPA_MUL72ll_BPA_LE2147483647ll_BPA__BPA__BPA___kernel
8203222675,3968,6203,2,1,1,16,1,1,48,0.000,0.000,None,,None,None,NVIDIA A100-SXM4-80GB (0),1,20,"void phi::VecReduceKernel<(int)128, (int)4, phi::ReduceExecutor<float, phi::kps::MeanOps<float, float, float>, float, (int)4, (int)4>>(T3)"
8203290067,3168,6207,3,1,1,128,1,1,47,0.002,0.000,None,,None,None,NVIDIA A100-SXM4-80GB (0),1,20,"void gemv2T_kernel_val<int, int, float, float, float, float, (int)128, (int)16, (int)2, (int)2, (bool)0, (bool)0, cublasGemvParamsEx<int, cublasGemvTensorStridedBatched<const float>, cublasGemvTensorStridedBatched<const float>, cublasGemvTensorStridedBatched<float>, float>>(T13, T6, T6)"
8203312403,2144,6211,1,1,1,32,1,1,16,0.000,0.000,None,,None,None,NVIDIA A100-SXM4-80GB (0),1,20,fn_reshape_gs_bc_add_full_gs_bc_max__11008249055510313070_COND__FPA__FPA__FPA__FPA_S0MUL18ll_BPA_GE1ll_BPA_AND_FPA__FPA_S0MUL18ll_BPA_LE1023ll_BPA__BPA_AND_FPA__FPA_S0MUL18ll_BPA_LE2147483647ll_BPA__BPA___kernel
8203353586,3424,6214,3,1,1,4,32,1,159,0.000,0.001,None,,None,None,NVIDIA A100-SXM4-80GB (0),1,20,"std::enable_if<!T7, void>::type internal::gemvx::kernel<int, int, float, float, float, float, (bool)0, (bool)1, (bool)1, (bool)0, (int)7, (bool)0, cublasGemvParamsEx<int, cublasGemvTensorStridedBatched<const float>, cublasGemvTensorStridedBatched<const float>, cublasGemvTensorStridedBatched<float>, float>>(T13)"
8203371218,2368,6218,3,1,1,32,1,1,16,0.000,0.000,None,,None,None,NVIDIA A100-SXM4-80GB (0),1,20,fn_reshape_gs_bc_add_full_full_full_full_gs_bc_mul_gs_bc_add_gs_bc_min_gs_bc_max_gs_bc_mul__17594470531925998404_COND__FPA__FPA__FPA__FPA__FPA__FPA_S0MULS1_BPA_MULS2_BPA_MUL72ll_BPA_GE1ll_BPA_AND_FPA__FPA__FPA__FPA_S0MULS1_BPA_MULS2_BPA_MUL72ll_BPA_LE1023ll_BPA__BPA_AND_FPA__FPA__FPA_S0MUL72ll_BPA_LE2147483647ll_BPA_AND_FPA__FPA__FPA__FPA_S0MULS1_BPA_MULS2_BPA_MUL72ll_BPA_LE2147483647ll_BPA__BPA__BPA___kernel
8203637937,3968,6224,2,1,1,16,1,1,48,0.000,0.000,None,,None,None,NVIDIA A100-SXM4-80GB (0),1,20,"void phi::VecReduceKernel<(int)128, (int)4, phi::ReduceExecutor<float, phi::kps::MeanOps<float, float, float>, float, (int)4, (int)4>>(T3)"
8203711985,3040,6228,3,1,1,128,1,1,47,0.002,0.000,None,,None,None,NVIDIA A100-SXM4-80GB (0),1,20,"void gemv2T_kernel_val<int, int, float, float, float, float, (int)128, (int)16, (int)2, (int)2, (bool)0, (bool)0, cublasGemvParamsEx<int, cublasGemvTensorStridedBatched<const float>, cublasGemvTensorStridedBatched<const float>, cublasGemvTensorStridedBatched<float>, float>>(T13, T6, T6)"
8203734896,2112,6232,1,1,1,32,1,1,16,0.000,0.000,None,,None,None,NVIDIA A100-SXM4-80GB (0),1,20,fn_reshape_gs_bc_add_full_gs_bc_max__11008249055510313070_COND__FPA__FPA__FPA__FPA_S0MUL18ll_BPA_GE1ll_BPA_AND_FPA__FPA_S0MUL18ll_BPA_LE1023ll_BPA__BPA_AND_FPA__FPA_S0MUL18ll_BPA_LE2147483647ll_BPA__BPA___kernel
8203776241,3327,6235,3,1,1,4,32,1,159,0.000,0.001,None,,None,None,NVIDIA A100-SXM4-80GB (0),1,20,"std::enable_if<!T7, void>::type internal::gemvx::kernel<int, int, float, float, float, float, (bool)0, (bool)1, (bool)1, (bool)0, (int)7, (bool)0, cublasGemvParamsEx<int, cublasGemvTensorStridedBatched<const float>, cublasGemvTensorStridedBatched<const float>, cublasGemvTensorStridedBatched<float>, float>>(T13)"
8203794448,2368,6239,3,1,1,32,1,1,16,0.000,0.000,None,,None,None,NVIDIA A100-SXM4-80GB (0),1,20,fn_reshape_gs_bc_add_full_full_full_full_gs_bc_mul_gs_bc_add_gs_bc_min_gs_bc_max_gs_bc_mul__17594470531925998404_COND__FPA__FPA__FPA__FPA__FPA__FPA_S0MULS1_BPA_MULS2_BPA_MUL72ll_BPA_GE1ll_BPA_AND_FPA__FPA__FPA__FPA_S0MULS1_BPA_MULS2_BPA_MUL72ll_BPA_LE1023ll_BPA__BPA_AND_FPA__FPA__FPA_S0MUL72ll_BPA_LE2147483647ll_BPA_AND_FPA__FPA__FPA__FPA_S0MULS1_BPA_MULS2_BPA_MUL72ll_BPA_LE2147483647ll_BPA__BPA__BPA___kernel
8204059919,3968,6245,2,1,1,16,1,1,48,0.000,0.000,None,,None,None,NVIDIA A100-SXM4-80GB (0),1,20,"void phi::VecReduceKernel<(int)128, (int)4, phi::ReduceExecutor<float, phi::kps::MeanOps<float, float, float>, float, (int)4, (int)4>>(T3)"
8204127791,3136,6249,3,1,1,128,1,1,47,0.002,0.000,None,,None,None,NVIDIA A100-SXM4-80GB (0),1,20,"void gemv2T_kernel_val<int, int, float, float, float, float, (int)128, (int)16, (int)2, (int)2, (bool)0, (bool)0, cublasGemvParamsEx<int, cublasGemvTensorStridedBatched<const float>, cublasGemvTensorStridedBatched<const float>, cublasGemvTensorStridedBatched<float>, float>>(T13, T6, T6)"
8204157167,2144,6253,1,1,1,32,1,1,16,0.000,0.000,None,,None,None,NVIDIA A100-SXM4-80GB (0),1,20,fn_reshape_gs_bc_add_full_gs_bc_max__11008249055510313070_COND__FPA__FPA__FPA__FPA_S0MUL18ll_BPA_GE1ll_BPA_AND_FPA__FPA_S0MUL18ll_BPA_LE1023ll_BPA__BPA_AND_FPA__FPA_S0MUL18ll_BPA_LE2147483647ll_BPA__BPA___kernel
8204201135,3456,6256,3,1,1,4,32,1,159,0.000,0.001,None,,None,None,NVIDIA A100-SXM4-80GB (0),1,20,"std::enable_if<!T7, void>::type internal::gemvx::kernel<int, int, float, float, float, float, (bool)0, (bool)1, (bool)1, (bool)0, (int)7, (bool)0, cublasGemvParamsEx<int, cublasGemvTensorStridedBatched<const float>, cublasGemvTensorStridedBatched<const float>, cublasGemvTensorStridedBatched<float>, float>>(T13)"
8204219119,2368,6260,3,1,1,32,1,1,16,0.000,0.000,None,,None,None,NVIDIA A100-SXM4-80GB (0),1,20,fn_reshape_gs_bc_add_full_full_full_full_gs_bc_mul_gs_bc_add_gs_bc_min_gs_bc_max_gs_bc_mul__17594470531925998404_COND__FPA__FPA__FPA__FPA__FPA__FPA_S0MULS1_BPA_MULS2_BPA_MUL72ll_BPA_GE1ll_BPA_AND_FPA__FPA__FPA__FPA_S0MULS1_BPA_MULS2_BPA_MUL72ll_BPA_LE1023ll_BPA__BPA_AND_FPA__FPA__FPA_S0MUL72ll_BPA_LE2147483647ll_BPA_AND_FPA__FPA__FPA__FPA_S0MULS1_BPA_MULS2_BPA_MUL72ll_BPA_LE2147483647ll_BPA__BPA__BPA___kernel
8204485549,3968,6266,2,1,1,16,1,1,48,0.000,0.000,None,,None,None,NVIDIA A100-SXM4-80GB (0),1,20,"void phi::VecReduceKernel<(int)128, (int)4, phi::ReduceExecutor<float, phi::kps::MeanOps<float, float, float>, float, (int)4, (int)4>>(T3)"
8204554285,3040,6270,3,1,1,128,1,1,47,0.002,0.000,None,,None,None,NVIDIA A100-SXM4-80GB (0),1,20,"void gemv2T_kernel_val<int, int, float, float, float, float, (int)128, (int)16, (int)2, (int)2, (bool)0, (bool)0, cublasGemvParamsEx<int, cublasGemvTensorStridedBatched<const float>, cublasGemvTensorStridedBatched<const float>, cublasGemvTensorStridedBatched<float>, float>>(T13, T6, T6)"
8204577357,2144,6274,1,1,1,32,1,1,16,0.000,0.000,None,,None,None,NVIDIA A100-SXM4-80GB (0),1,20,fn_reshape_gs_bc_add_full_gs_bc_max__11008249055510313070_COND__FPA__FPA__FPA__FPA_S0MUL18ll_BPA_GE1ll_BPA_AND_FPA__FPA_S0MUL18ll_BPA_LE1023ll_BPA__BPA_AND_FPA__FPA_S0MUL18ll_BPA_LE2147483647ll_BPA__BPA___kernel
8204619437,3296,6277,3,1,1,4,32,1,159,0.000,0.001,None,,None,None,NVIDIA A100-SXM4-80GB (0),1,20,"std::enable_if<!T7, void>::type internal::gemvx::kernel<int, int, float, float, float, float, (bool)0, (bool)1, (bool)1, (bool)0, (int)7, (bool)0, cublasGemvParamsEx<int, cublasGemvTensorStridedBatched<const float>, cublasGemvTensorStridedBatched<const float>, cublasGemvTensorStridedBatched<float>, float>>(T13)"
8204637292,2368,6281,3,1,1,32,1,1,16,0.000,0.000,None,,None,None,NVIDIA A100-SXM4-80GB (0),1,20,fn_reshape_gs_bc_add_full_full_full_full_gs_bc_mul_gs_bc_add_gs_bc_min_gs_bc_max_gs_bc_mul__17594470531925998404_COND__FPA__FPA__FPA__FPA__FPA__FPA_S0MULS1_BPA_MULS2_BPA_MUL72ll_BPA_GE1ll_BPA_AND_FPA__FPA__FPA__FPA_S0MULS1_BPA_MULS2_BPA_MUL72ll_BPA_LE1023ll_BPA__BPA_AND_FPA__FPA__FPA_S0MUL72ll_BPA_LE2147483647ll_BPA_AND_FPA__FPA__FPA__FPA_S0MULS1_BPA_MULS2_BPA_MUL72ll_BPA_LE2147483647ll_BPA__BPA__BPA___kernel
8204920299,3968,6287,2,1,1,16,1,1,48,0.000,0.000,None,,None,None,NVIDIA A100-SXM4-80GB (0),1,20,"void phi::VecReduceKernel<(int)128, (int)4, phi::ReduceExecutor<float, phi::kps::MeanOps<float, float, float>, float, (int)4, (int)4>>(T3)"
8204987819,3168,6291,3,1,1,128,1,1,47,0.002,0.000,None,,None,None,NVIDIA A100-SXM4-80GB (0),1,20,"void gemv2T_kernel_val<int, int, float, float, float, float, (int)128, (int)16, (int)2, (int)2, (bool)0, (bool)0, cublasGemvParamsEx<int, cublasGemvTensorStridedBatched<const float>, cublasGemvTensorStridedBatched<const float>, cublasGemvTensorStridedBatched<float>, float>>(T13, T6, T6)"
8205010475,2144,6295,1,1,1,32,1,1,16,0.000,0.000,None,,None,None,NVIDIA A100-SXM4-80GB (0),1,20,fn_reshape_gs_bc_add_full_gs_bc_max__11008249055510313070_COND__FPA__FPA__FPA__FPA_S0MUL18ll_BPA_GE1ll_BPA_AND_FPA__FPA_S0MUL18ll_BPA_LE1023ll_BPA__BPA_AND_FPA__FPA_S0MUL18ll_BPA_LE2147483647ll_BPA__BPA___kernel
8205051755,3456,6298,3,1,1,4,32,1,159,0.000,0.001,None,,None,None,NVIDIA A100-SXM4-80GB (0),1,20,"std::enable_if<!T7, void>::type internal::gemvx::kernel<int, int, float, float, float, float, (bool)0, (bool)1, (bool)1, (bool)0, (int)7, (bool)0, cublasGemvParamsEx<int, cublasGemvTensorStridedBatched<const float>, cublasGemvTensorStridedBatched<const float>, cublasGemvTensorStridedBatched<float>, float>>(T13)"
8205069739,2368,6302,3,1,1,32,1,1,16,0.000,0.000,None,,None,None,NVIDIA A100-SXM4-80GB (0),1,20,fn_reshape_gs_bc_add_full_full_full_full_gs_bc_mul_gs_bc_add_gs_bc_min_gs_bc_max_gs_bc_mul__17594470531925998404_COND__FPA__FPA__FPA__FPA__FPA__FPA_S0MULS1_BPA_MULS2_BPA_MUL72ll_BPA_GE1ll_BPA_AND_FPA__FPA__FPA__FPA_S0MULS1_BPA_MULS2_BPA_MUL72ll_BPA_LE1023ll_BPA__BPA_AND_FPA__FPA__FPA_S0MUL72ll_BPA_LE2147483647ll_BPA_AND_FPA__FPA__FPA__FPA_S0MULS1_BPA_MULS2_BPA_MUL72ll_BPA_LE2147483647ll_BPA__BPA__BPA___kernel
8205337097,4000,6308,2,1,1,16,1,1,48,0.000,0.000,None,,None,None,NVIDIA A100-SXM4-80GB (0),1,20,"void phi::VecReduceKernel<(int)128, (int)4, phi::ReduceExecutor<float, phi::kps::MeanOps<float, float, float>, float, (int)4, (int)4>>(T3)"
8205403785,3040,6312,3,1,1,128,1,1,47,0.002,0.000,None,,None,None,NVIDIA A100-SXM4-80GB (0),1,20,"void gemv2T_kernel_val<int, int, float, float, float, float, (int)128, (int)16, (int)2, (int)2, (bool)0, (bool)0, cublasGemvParamsEx<int, cublasGemvTensorStridedBatched<const float>, cublasGemvTensorStridedBatched<const float>, cublasGemvTensorStridedBatched<float>, float>>(T13, T6, T6)"
8205429001,2176,6316,1,1,1,32,1,1,16,0.000,0.000,None,,None,None,NVIDIA A100-SXM4-80GB (0),1,20,fn_reshape_gs_bc_add_full_gs_bc_max__11008249055510313070_COND__FPA__FPA__FPA__FPA_S0MUL18ll_BPA_GE1ll_BPA_AND_FPA__FPA_S0MUL18ll_BPA_LE1023ll_BPA__BPA_AND_FPA__FPA_S0MUL18ll_BPA_LE2147483647ll_BPA__BPA___kernel
8205471049,3328,6319,3,1,1,4,32,1,159,0.000,0.001,None,,None,None,NVIDIA A100-SXM4-80GB (0),1,20,"std::enable_if<!T7, void>::type internal::gemvx::kernel<int, int, float, float, float, float, (bool)0, (bool)1, (bool)1, (bool)0, (int)7, (bool)0, cublasGemvParamsEx<int, cublasGemvTensorStridedBatched<const float>, cublasGemvTensorStridedBatched<const float>, cublasGemvTensorStridedBatched<float>, float>>(T13)"
8205489289,2368,6323,3,1,1,32,1,1,16,0.000,0.000,None,,None,None,NVIDIA A100-SXM4-80GB (0),1,20,fn_reshape_gs_bc_add_full_full_full_full_gs_bc_mul_gs_bc_add_gs_bc_min_gs_bc_max_gs_bc_mul__17594470531925998404_COND__FPA__FPA__FPA__FPA__FPA__FPA_S0MULS1_BPA_MULS2_BPA_MUL72ll_BPA_GE1ll_BPA_AND_FPA__FPA__FPA__FPA_S0MULS1_BPA_MULS2_BPA_MUL72ll_BPA_LE1023ll_BPA__BPA_AND_FPA__FPA__FPA_S0MUL72ll_BPA_LE2147483647ll_BPA_AND_FPA__FPA__FPA__FPA_S0MULS1_BPA_MULS2_BPA_MUL72ll_BPA_LE2147483647ll_BPA__BPA__BPA___kernel
8205763880,3936,6329,2,1,1,16,1,1,48,0.000,0.000,None,,None,None,NVIDIA A100-SXM4-80GB (0),1,20,"void phi::VecReduceKernel<(int)128, (int)4, phi::ReduceExecutor<float, phi::kps::MeanOps<float, float, float>, float, (int)4, (int)4>>(T3)"
8205831143,3136,6333,3,1,1,128,1,1,47,0.002,0.000,None,,None,None,NVIDIA A100-SXM4-80GB (0),1,20,"void gemv2T_kernel_val<int, int, float, float, float, float, (int)128, (int)16, (int)2, (int)2, (bool)0, (bool)0, cublasGemvParamsEx<int, cublasGemvTensorStridedBatched<const float>, cublasGemvTensorStridedBatched<const float>, cublasGemvTensorStridedBatched<float>, float>>(T13, T6, T6)"
8205852935,2176,6337,1,1,1,32,1,1,16,0.000,0.000,None,,None,None,NVIDIA A100-SXM4-80GB (0),1,20,fn_reshape_gs_bc_add_full_gs_bc_max__11008249055510313070_COND__FPA__FPA__FPA__FPA_S0MUL18ll_BPA_GE1ll_BPA_AND_FPA__FPA_S0MUL18ll_BPA_LE1023ll_BPA__BPA_AND_FPA__FPA_S0MUL18ll_BPA_LE2147483647ll_BPA__BPA___kernel
8205894343,3424,6340,3,1,1,4,32,1,159,0.000,0.001,None,,None,None,NVIDIA A100-SXM4-80GB (0),1,20,"std::enable_if<!T7, void>::type internal::gemvx::kernel<int, int, float, float, float, float, (bool)0, (bool)1, (bool)1, (bool)0, (int)7, (bool)0, cublasGemvParamsEx<int, cublasGemvTensorStridedBatched<const float>, cublasGemvTensorStridedBatched<const float>, cublasGemvTensorStridedBatched<float>, float>>(T13)"
8205912007,2368,6344,3,1,1,32,1,1,16,0.000,0.000,None,,None,None,NVIDIA A100-SXM4-80GB (0),1,20,fn_reshape_gs_bc_add_full_full_full_full_gs_bc_mul_gs_bc_add_gs_bc_min_gs_bc_max_gs_bc_mul__17594470531925998404_COND__FPA__FPA__FPA__FPA__FPA__FPA_S0MULS1_BPA_MULS2_BPA_MUL72ll_BPA_GE1ll_BPA_AND_FPA__FPA__FPA__FPA_S0MULS1_BPA_MULS2_BPA_MUL72ll_BPA_LE1023ll_BPA__BPA_AND_FPA__FPA__FPA_S0MUL72ll_BPA_LE2147483647ll_BPA_AND_FPA__FPA__FPA__FPA_S0MULS1_BPA_MULS2_BPA_MUL72ll_BPA_LE2147483647ll_BPA__BPA__BPA___kernel
8206177541,3968,6350,2,1,1,16,1,1,48,0.000,0.000,None,,None,None,NVIDIA A100-SXM4-80GB (0),1,20,"void phi::VecReduceKernel<(int)128, (int)4, phi::ReduceExecutor<float, phi::kps::MeanOps<float, float, float>, float, (int)4, (int)4>>(T3)"
8206244741,3008,6354,3,1,1,128,1,1,47,0.002,0.000,None,,None,None,NVIDIA A100-SXM4-80GB (0),1,20,"void gemv2T_kernel_val<int, int, float, float, float, float, (int)128, (int)16, (int)2, (int)2, (bool)0, (bool)0, cublasGemvParamsEx<int, cublasGemvTensorStridedBatched<const float>, cublasGemvTensorStridedBatched<const float>, cublasGemvTensorStridedBatched<float>, float>>(T13, T6, T6)"
8206267909,2144,6358,1,1,1,32,1,1,16,0.000,0.000,None,,None,None,NVIDIA A100-SXM4-80GB (0),1,20,fn_reshape_gs_bc_add_full_gs_bc_max__11008249055510313070_COND__FPA__FPA__FPA__FPA_S0MUL18ll_BPA_GE1ll_BPA_AND_FPA__FPA_S0MUL18ll_BPA_LE1023ll_BPA__BPA_AND_FPA__FPA_S0MUL18ll_BPA_LE2147483647ll_BPA__BPA___kernel
8206312965,3328,6361,3,1,1,4,32,1,159,0.000,0.001,None,,None,None,NVIDIA A100-SXM4-80GB (0),1,20,"std::enable_if<!T7, void>::type internal::gemvx::kernel<int, int, float, float, float, float, (bool)0, (bool)1, (bool)1, (bool)0, (int)7, (bool)0, cublasGemvParamsEx<int, cublasGemvTensorStridedBatched<const float>, cublasGemvTensorStridedBatched<const float>, cublasGemvTensorStridedBatched<float>, float>>(T13)"
8206331237,2368,6365,3,1,1,32,1,1,16,0.000,0.000,None,,None,None,NVIDIA A100-SXM4-80GB (0),1,20,fn_reshape_gs_bc_add_full_full_full_full_gs_bc_mul_gs_bc_add_gs_bc_min_gs_bc_max_gs_bc_mul__17594470531925998404_COND__FPA__FPA__FPA__FPA__FPA__FPA_S0MULS1_BPA_MULS2_BPA_MUL72ll_BPA_GE1ll_BPA_AND_FPA__FPA__FPA__FPA_S0MULS1_BPA_MULS2_BPA_MUL72ll_BPA_LE1023ll_BPA__BPA_AND_FPA__FPA__FPA_S0MUL72ll_BPA_LE2147483647ll_BPA_AND_FPA__FPA__FPA__FPA_S0MULS1_BPA_MULS2_BPA_MUL72ll_BPA_LE2147483647ll_BPA__BPA__BPA___kernel
8206597412,3968,6371,2,1,1,16,1,1,48,0.000,0.000,None,,None,None,NVIDIA A100-SXM4-80GB (0),1,20,"void phi::VecReduceKernel<(int)128, (int)4, phi::ReduceExecutor<float, phi::kps::MeanOps<float, float, float>, float, (int)4, (int)4>>(T3)"
8206665219,3136,6375,3,1,1,128,1,1,47,0.002,0.000,None,,None,None,NVIDIA A100-SXM4-80GB (0),1,20,"void gemv2T_kernel_val<int, int, float, float, float, float, (int)128, (int)16, (int)2, (int)2, (bool)0, (bool)0, cublasGemvParamsEx<int, cublasGemvTensorStridedBatched<const float>, cublasGemvTensorStridedBatched<const float>, cublasGemvTensorStridedBatched<float>, float>>(T13, T6, T6)"
8206699619,2144,6379,1,1,1,32,1,1,16,0.000,0.000,None,,None,None,NVIDIA A100-SXM4-80GB (0),1,20,fn_reshape_gs_bc_add_full_gs_bc_max__11008249055510313070_COND__FPA__FPA__FPA__FPA_S0MUL18ll_BPA_GE1ll_BPA_AND_FPA__FPA_S0MUL18ll_BPA_LE1023ll_BPA__BPA_AND_FPA__FPA_S0MUL18ll_BPA_LE2147483647ll_BPA__BPA___kernel
8206743587,3456,6382,3,1,1,4,32,1,159,0.000,0.001,None,,None,None,NVIDIA A100-SXM4-80GB (0),1,20,"std::enable_if<!T7, void>::type internal::gemvx::kernel<int, int, float, float, float, float, (bool)0, (bool)1, (bool)1, (bool)0, (int)7, (bool)0, cublasGemvParamsEx<int, cublasGemvTensorStridedBatched<const float>, cublasGemvTensorStridedBatched<const float>, cublasGemvTensorStridedBatched<float>, float>>(T13)"
8206761283,2400,6386,3,1,1,32,1,1,16,0.000,0.000,None,,None,None,NVIDIA A100-SXM4-80GB (0),1,20,fn_reshape_gs_bc_add_full_full_full_full_gs_bc_mul_gs_bc_add_gs_bc_min_gs_bc_max_gs_bc_mul__17594470531925998404_COND__FPA__FPA__FPA__FPA__FPA__FPA_S0MULS1_BPA_MULS2_BPA_MUL72ll_BPA_GE1ll_BPA_AND_FPA__FPA__FPA__FPA_S0MULS1_BPA_MULS2_BPA_MUL72ll_BPA_LE1023ll_BPA__BPA_AND_FPA__FPA__FPA_S0MUL72ll_BPA_LE2147483647ll_BPA_AND_FPA__FPA__FPA__FPA_S0MULS1_BPA_MULS2_BPA_MUL72ll_BPA_LE2147483647ll_BPA__BPA__BPA___kernel
8207037218,3968,6392,2,1,1,16,1,1,48,0.000,0.000,None,,None,None,NVIDIA A100-SXM4-80GB (0),1,20,"void phi::VecReduceKernel<(int)128, (int)4, phi::ReduceExecutor<float, phi::kps::MeanOps<float, float, float>, float, (int)4, (int)4>>(T3)"
8207111489,3040,6396,3,1,1,128,1,1,47,0.002,0.000,None,,None,None,NVIDIA A100-SXM4-80GB (0),1,20,"void gemv2T_kernel_val<int, int, float, float, float, float, (int)128, (int)16, (int)2, (int)2, (bool)0, (bool)0, cublasGemvParamsEx<int, cublasGemvTensorStridedBatched<const float>, cublasGemvTensorStridedBatched<const float>, cublasGemvTensorStridedBatched<float>, float>>(T13, T6, T6)"
8207134977,2144,6400,1,1,1,32,1,1,16,0.000,0.000,None,,None,None,NVIDIA A100-SXM4-80GB (0),1,20,fn_reshape_gs_bc_add_full_gs_bc_max__11008249055510313070_COND__FPA__FPA__FPA__FPA_S0MUL18ll_BPA_GE1ll_BPA_AND_FPA__FPA_S0MUL18ll_BPA_LE1023ll_BPA__BPA_AND_FPA__FPA_S0MUL18ll_BPA_LE2147483647ll_BPA__BPA___kernel
8207177377,3328,6403,3,1,1,4,32,1,159,0.000,0.001,None,,None,None,NVIDIA A100-SXM4-80GB (0),1,20,"std::enable_if<!T7, void>::type internal::gemvx::kernel<int, int, float, float, float, float, (bool)0, (bool)1, (bool)1, (bool)0, (int)7, (bool)0, cublasGemvParamsEx<int, cublasGemvTensorStridedBatched<const float>, cublasGemvTensorStridedBatched<const float>, cublasGemvTensorStridedBatched<float>, float>>(T13)"
8207198369,2368,6407,3,1,1,32,1,1,16,0.000,0.000,None,,None,None,NVIDIA A100-SXM4-80GB (0),1,20,fn_reshape_gs_bc_add_full_full_full_full_gs_bc_mul_gs_bc_add_gs_bc_min_gs_bc_max_gs_bc_mul__17594470531925998404_COND__FPA__FPA__FPA__FPA__FPA__FPA_S0MULS1_BPA_MULS2_BPA_MUL72ll_BPA_GE1ll_BPA_AND_FPA__FPA__FPA__FPA_S0MULS1_BPA_MULS2_BPA_MUL72ll_BPA_LE1023ll_BPA__BPA_AND_FPA__FPA__FPA_S0MUL72ll_BPA_LE2147483647ll_BPA_AND_FPA__FPA__FPA__FPA_S0MULS1_BPA_MULS2_BPA_MUL72ll_BPA_LE2147483647ll_BPA__BPA__BPA___kernel
8207465696,3968,6413,2,1,1,16,1,1,48,0.000,0.000,None,,None,None,NVIDIA A100-SXM4-80GB (0),1,20,"void phi::VecReduceKernel<(int)128, (int)4, phi::ReduceExecutor<float, phi::kps::MeanOps<float, float, float>, float, (int)4, (int)4>>(T3)"
8207533279,3168,6417,3,1,1,128,1,1,47,0.002,0.000,None,,None,None,NVIDIA A100-SXM4-80GB (0),1,20,"void gemv2T_kernel_val<int, int, float, float, float, float, (int)128, (int)16, (int)2, (int)2, (bool)0, (bool)0, cublasGemvParamsEx<int, cublasGemvTensorStridedBatched<const float>, cublasGemvTensorStridedBatched<const float>, cublasGemvTensorStridedBatched<float>, float>>(T13, T6, T6)"
8207555359,2144,6421,1,1,1,32,1,1,16,0.000,0.000,None,,None,None,NVIDIA A100-SXM4-80GB (0),1,20,fn_reshape_gs_bc_add_full_gs_bc_max__11008249055510313070_COND__FPA__FPA__FPA__FPA_S0MUL18ll_BPA_GE1ll_BPA_AND_FPA__FPA_S0MUL18ll_BPA_LE1023ll_BPA__BPA_AND_FPA__FPA_S0MUL18ll_BPA_LE2147483647ll_BPA__BPA___kernel
8207597247,3424,6424,3,1,1,4,32,1,159,0.000,0.001,None,,None,None,NVIDIA A100-SXM4-80GB (0),1,20,"std::enable_if<!T7, void>::type internal::gemvx::kernel<int, int, float, float, float, float, (bool)0, (bool)1, (bool)1, (bool)0, (int)7, (bool)0, cublasGemvParamsEx<int, cublasGemvTensorStridedBatched<const float>, cublasGemvTensorStridedBatched<const float>, cublasGemvTensorStridedBatched<float>, float>>(T13)"
8207615583,2400,6428,3,1,1,32,1,1,16,0.000,0.000,None,,None,None,NVIDIA A100-SXM4-80GB (0),1,20,fn_reshape_gs_bc_add_full_full_full_full_gs_bc_mul_gs_bc_add_gs_bc_min_gs_bc_max_gs_bc_mul__17594470531925998404_COND__FPA__FPA__FPA__FPA__FPA__FPA_S0MULS1_BPA_MULS2_BPA_MUL72ll_BPA_GE1ll_BPA_AND_FPA__FPA__FPA__FPA_S0MULS1_BPA_MULS2_BPA_MUL72ll_BPA_LE1023ll_BPA__BPA_AND_FPA__FPA__FPA_S0MUL72ll_BPA_LE2147483647ll_BPA_AND_FPA__FPA__FPA__FPA_S0MULS1_BPA_MULS2_BPA_MUL72ll_BPA_LE2147483647ll_BPA__BPA__BPA___kernel
8207891774,3968,6434,2,1,1,16,1,1,48,0.000,0.000,None,,None,None,NVIDIA A100-SXM4-80GB (0),1,20,"void phi::VecReduceKernel<(int)128, (int)4, phi::ReduceExecutor<float, phi::kps::MeanOps<float, float, float>, float, (int)4, (int)4>>(T3)"
8207958750,3040,6438,3,1,1,128,1,1,47,0.002,0.000,None,,None,None,NVIDIA A100-SXM4-80GB (0),1,20,"void gemv2T_kernel_val<int, int, float, float, float, float, (int)128, (int)16, (int)2, (int)2, (bool)0, (bool)0, cublasGemvParamsEx<int, cublasGemvTensorStridedBatched<const float>, cublasGemvTensorStridedBatched<const float>, cublasGemvTensorStridedBatched<float>, float>>(T13, T6, T6)"
8207981885,2144,6442,1,1,1,32,1,1,16,0.000,0.000,None,,None,None,NVIDIA A100-SXM4-80GB (0),1,20,fn_reshape_gs_bc_add_full_gs_bc_max__11008249055510313070_COND__FPA__FPA__FPA__FPA_S0MUL18ll_BPA_GE1ll_BPA_AND_FPA__FPA_S0MUL18ll_BPA_LE1023ll_BPA__BPA_AND_FPA__FPA_S0MUL18ll_BPA_LE2147483647ll_BPA__BPA___kernel
8208023389,3296,6445,3,1,1,4,32,1,159,0.000,0.001,None,,None,None,NVIDIA A100-SXM4-80GB (0),1,20,"std::enable_if<!T7, void>::type internal::gemvx::kernel<int, int, float, float, float, float, (bool)0, (bool)1, (bool)1, (bool)0, (int)7, (bool)0, cublasGemvParamsEx<int, cublasGemvTensorStridedBatched<const float>, cublasGemvTensorStridedBatched<const float>, cublasGemvTensorStridedBatched<float>, float>>(T13)"
8208044253,2368,6449,3,1,1,32,1,1,16,0.000,0.000,None,,None,None,NVIDIA A100-SXM4-80GB (0),1,20,fn_reshape_gs_bc_add_full_full_full_full_gs_bc_mul_gs_bc_add_gs_bc_min_gs_bc_max_gs_bc_mul__17594470531925998404_COND__FPA__FPA__FPA__FPA__FPA__FPA_S0MULS1_BPA_MULS2_BPA_MUL72ll_BPA_GE1ll_BPA_AND_FPA__FPA__FPA__FPA_S0MULS1_BPA_MULS2_BPA_MUL72ll_BPA_LE1023ll_BPA__BPA_AND_FPA__FPA__FPA_S0MUL72ll_BPA_LE2147483647ll_BPA_AND_FPA__FPA__FPA__FPA_S0MULS1_BPA_MULS2_BPA_MUL72ll_BPA_LE2147483647ll_BPA__BPA__BPA___kernel
8208309596,3968,6455,2,1,1,16,1,1,48,0.000,0.000,None,,None,None,NVIDIA A100-SXM4-80GB (0),1,20,"void phi::VecReduceKernel<(int)128, (int)4, phi::ReduceExecutor<float, phi::kps::MeanOps<float, float, float>, float, (int)4, (int)4>>(T3)"
8208376059,3136,6459,3,1,1,128,1,1,47,0.002,0.000,None,,None,None,NVIDIA A100-SXM4-80GB (0),1,20,"void gemv2T_kernel_val<int, int, float, float, float, float, (int)128, (int)16, (int)2, (int)2, (bool)0, (bool)0, cublasGemvParamsEx<int, cublasGemvTensorStridedBatched<const float>, cublasGemvTensorStridedBatched<const float>, cublasGemvTensorStridedBatched<float>, float>>(T13, T6, T6)"
8208398939,2144,6463,1,1,1,32,1,1,16,0.000,0.000,None,,None,None,NVIDIA A100-SXM4-80GB (0),1,20,fn_reshape_gs_bc_add_full_gs_bc_max__11008249055510313070_COND__FPA__FPA__FPA__FPA_S0MUL18ll_BPA_GE1ll_BPA_AND_FPA__FPA_S0MUL18ll_BPA_LE1023ll_BPA__BPA_AND_FPA__FPA_S0MUL18ll_BPA_LE2147483647ll_BPA__BPA___kernel
8208440187,3456,6466,3,1,1,4,32,1,159,0.000,0.001,None,,None,None,NVIDIA A100-SXM4-80GB (0),1,20,"std::enable_if<!T7, void>::type internal::gemvx::kernel<int, int, float, float, float, float, (bool)0, (bool)1, (bool)1, (bool)0, (int)7, (bool)0, cublasGemvParamsEx<int, cublasGemvTensorStridedBatched<const float>, cublasGemvTensorStridedBatched<const float>, cublasGemvTensorStridedBatched<float>, float>>(T13)"
8208465979,2368,6470,3,1,1,32,1,1,16,0.000,0.000,None,,None,None,NVIDIA A100-SXM4-80GB (0),1,20,fn_reshape_gs_bc_add_full_full_full_full_gs_bc_mul_gs_bc_add_gs_bc_min_gs_bc_max_gs_bc_mul__17594470531925998404_COND__FPA__FPA__FPA__FPA__FPA__FPA_S0MULS1_BPA_MULS2_BPA_MUL72ll_BPA_GE1ll_BPA_AND_FPA__FPA__FPA__FPA_S0MULS1_BPA_MULS2_BPA_MUL72ll_BPA_LE1023ll_BPA__BPA_AND_FPA__FPA__FPA_S0MUL72ll_BPA_LE2147483647ll_BPA_AND_FPA__FPA__FPA__FPA_S0MULS1_BPA_MULS2_BPA_MUL72ll_BPA_LE2147483647ll_BPA__BPA__BPA___kernel
8208757978,3968,6476,2,1,1,16,1,1,48,0.000,0.000,None,,None,None,NVIDIA A100-SXM4-80GB (0),1,20,"void phi::VecReduceKernel<(int)128, (int)4, phi::ReduceExecutor<float, phi::kps::MeanOps<float, float, float>, float, (int)4, (int)4>>(T3)"
8208825113,3040,6480,3,1,1,128,1,1,47,0.002,0.000,None,,None,None,NVIDIA A100-SXM4-80GB (0),1,20,"void gemv2T_kernel_val<int, int, float, float, float, float, (int)128, (int)16, (int)2, (int)2, (bool)0, (bool)0, cublasGemvParamsEx<int, cublasGemvTensorStridedBatched<const float>, cublasGemvTensorStridedBatched<const float>, cublasGemvTensorStridedBatched<float>, float>>(T13, T6, T6)"
8208848441,2112,6484,1,1,1,32,1,1,16,0.000,0.000,None,,None,None,NVIDIA A100-SXM4-80GB (0),1,20,fn_reshape_gs_bc_add_full_gs_bc_max__11008249055510313070_COND__FPA__FPA__FPA__FPA_S0MUL18ll_BPA_GE1ll_BPA_AND_FPA__FPA_S0MUL18ll_BPA_LE1023ll_BPA__BPA_AND_FPA__FPA_S0MUL18ll_BPA_LE2147483647ll_BPA__BPA___kernel
8208890105,3328,6487,3,1,1,4,32,1,159,0.000,0.001,None,,None,None,NVIDIA A100-SXM4-80GB (0),1,20,"std::enable_if<!T7, void>::type internal::gemvx::kernel<int, int, float, float, float, float, (bool)0, (bool)1, (bool)1, (bool)0, (int)7, (bool)0, cublasGemvParamsEx<int, cublasGemvTensorStridedBatched<const float>, cublasGemvTensorStridedBatched<const float>, cublasGemvTensorStridedBatched<float>, float>>(T13)"
8208908601,2368,6491,3,1,1,32,1,1,16,0.000,0.000,None,,None,None,NVIDIA A100-SXM4-80GB (0),1,20,fn_reshape_gs_bc_add_full_full_full_full_gs_bc_mul_gs_bc_add_gs_bc_min_gs_bc_max_gs_bc_mul__17594470531925998404_COND__FPA__FPA__FPA__FPA__FPA__FPA_S0MULS1_BPA_MULS2_BPA_MUL72ll_BPA_GE1ll_BPA_AND_FPA__FPA__FPA__FPA_S0MULS1_BPA_MULS2_BPA_MUL72ll_BPA_LE1023ll_BPA__BPA_AND_FPA__FPA__FPA_S0MUL72ll_BPA_LE2147483647ll_BPA_AND_FPA__FPA__FPA__FPA_S0MULS1_BPA_MULS2_BPA_MUL72ll_BPA_LE2147483647ll_BPA__BPA__BPA___kernel
8209177496,3968,6497,2,1,1,16,1,1,48,0.000,0.000,None,,None,None,NVIDIA A100-SXM4-80GB (0),1,20,"void phi::VecReduceKernel<(int)128, (int)4, phi::ReduceExecutor<float, phi::kps::MeanOps<float, float, float>, float, (int)4, (int)4>>(T3)"
8209244440,3136,6501,3,1,1,128,1,1,47,0.002,0.000,None,,None,None,NVIDIA A100-SXM4-80GB (0),1,20,"void gemv2T_kernel_val<int, int, float, float, float, float, (int)128, (int)16, (int)2, (int)2, (bool)0, (bool)0, cublasGemvParamsEx<int, cublasGemvTensorStridedBatched<const float>, cublasGemvTensorStridedBatched<const float>, cublasGemvTensorStridedBatched<float>, float>>(T13, T6, T6)"
8209267479,2176,6505,1,1,1,32,1,1,16,0.000,0.000,None,,None,None,NVIDIA A100-SXM4-80GB (0),1,20,fn_reshape_gs_bc_add_full_gs_bc_max__11008249055510313070_COND__FPA__FPA__FPA__FPA_S0MUL18ll_BPA_GE1ll_BPA_AND_FPA__FPA_S0MUL18ll_BPA_LE1023ll_BPA__BPA_AND_FPA__FPA_S0MUL18ll_BPA_LE2147483647ll_BPA__BPA___kernel
8209309271,3456,6508,3,1,1,4,32,1,159,0.000,0.001,None,,None,None,NVIDIA A100-SXM4-80GB (0),1,20,"std::enable_if<!T7, void>::type internal::gemvx::kernel<int, int, float, float, float, float, (bool)0, (bool)1, (bool)1, (bool)0, (int)7, (bool)0, cublasGemvParamsEx<int, cublasGemvTensorStridedBatched<const float>, cublasGemvTensorStridedBatched<const float>, cublasGemvTensorStridedBatched<float>, float>>(T13)"
8209326551,2368,6512,3,1,1,32,1,1,16,0.000,0.000,None,,None,None,NVIDIA A100-SXM4-80GB (0),1,20,fn_reshape_gs_bc_add_full_full_full_full_gs_bc_mul_gs_bc_add_gs_bc_min_gs_bc_max_gs_bc_mul__17594470531925998404_COND__FPA__FPA__FPA__FPA__FPA__FPA_S0MULS1_BPA_MULS2_BPA_MUL72ll_BPA_GE1ll_BPA_AND_FPA__FPA__FPA__FPA_S0MULS1_BPA_MULS2_BPA_MUL72ll_BPA_LE1023ll_BPA__BPA_AND_FPA__FPA__FPA_S0MUL72ll_BPA_LE2147483647ll_BPA_AND_FPA__FPA__FPA__FPA_S0MULS1_BPA_MULS2_BPA_MUL72ll_BPA_LE2147483647ll_BPA__BPA__BPA___kernel
8209591542,3968,6518,2,1,1,16,1,1,48,0.000,0.000,None,,None,None,NVIDIA A100-SXM4-80GB (0),1,20,"void phi::VecReduceKernel<(int)128, (int)4, phi::ReduceExecutor<float, phi::kps::MeanOps<float, float, float>, float, (int)4, (int)4>>(T3)"
8209658806,3040,6522,3,1,1,128,1,1,47,0.002,0.000,None,,None,None,NVIDIA A100-SXM4-80GB (0),1,20,"void gemv2T_kernel_val<int, int, float, float, float, float, (int)128, (int)16, (int)2, (int)2, (bool)0, (bool)0, cublasGemvParamsEx<int, cublasGemvTensorStridedBatched<const float>, cublasGemvTensorStridedBatched<const float>, cublasGemvTensorStridedBatched<float>, float>>(T13, T6, T6)"
8209689685,2112,6526,1,1,1,32,1,1,16,0.000,0.000,None,,None,None,NVIDIA A100-SXM4-80GB (0),1,20,fn_reshape_gs_bc_add_full_gs_bc_max__11008249055510313070_COND__FPA__FPA__FPA__FPA_S0MUL18ll_BPA_GE1ll_BPA_AND_FPA__FPA_S0MUL18ll_BPA_LE1023ll_BPA__BPA_AND_FPA__FPA_S0MUL18ll_BPA_LE2147483647ll_BPA__BPA___kernel
8209732629,3296,6529,3,1,1,4,32,1,159,0.000,0.001,None,,None,None,NVIDIA A100-SXM4-80GB (0),1,20,"std::enable_if<!T7, void>::type internal::gemvx::kernel<int, int, float, float, float, float, (bool)0, (bool)1, (bool)1, (bool)0, (int)7, (bool)0, cublasGemvParamsEx<int, cublasGemvTensorStridedBatched<const float>, cublasGemvTensorStridedBatched<const float>, cublasGemvTensorStridedBatched<float>, float>>(T13)"
8209750389,2400,6533,3,1,1,32,1,1,16,0.000,0.000,None,,None,None,NVIDIA A100-SXM4-80GB (0),1,20,fn_reshape_gs_bc_add_full_full_full_full_gs_bc_mul_gs_bc_add_gs_bc_min_gs_bc_max_gs_bc_mul__17594470531925998404_COND__FPA__FPA__FPA__FPA__FPA__FPA_S0MULS1_BPA_MULS2_BPA_MUL72ll_BPA_GE1ll_BPA_AND_FPA__FPA__FPA__FPA_S0MULS1_BPA_MULS2_BPA_MUL72ll_BPA_LE1023ll_BPA__BPA_AND_FPA__FPA__FPA_S0MUL72ll_BPA_LE2147483647ll_BPA_AND_FPA__FPA__FPA__FPA_S0MULS1_BPA_MULS2_BPA_MUL72ll_BPA_LE2147483647ll_BPA__BPA__BPA___kernel
8210017268,3968,6539,2,1,1,16,1,1,48,0.000,0.000,None,,None,None,NVIDIA A100-SXM4-80GB (0),1,20,"void phi::VecReduceKernel<(int)128, (int)4, phi::ReduceExecutor<float, phi::kps::MeanOps<float, float, float>, float, (int)4, (int)4>>(T3)"
8210093940,3168,6543,3,1,1,128,1,1,47,0.002,0.000,None,,None,None,NVIDIA A100-SXM4-80GB (0),1,20,"void gemv2T_kernel_val<int, int, float, float, float, float, (int)128, (int)16, (int)2, (int)2, (bool)0, (bool)0, cublasGemvParamsEx<int, cublasGemvTensorStridedBatched<const float>, cublasGemvTensorStridedBatched<const float>, cublasGemvTensorStridedBatched<float>, float>>(T13, T6, T6)"
8210116660,2144,6547,1,1,1,32,1,1,16,0.000,0.000,None,,None,None,NVIDIA A100-SXM4-80GB (0),1,20,fn_reshape_gs_bc_add_full_gs_bc_max__11008249055510313070_COND__FPA__FPA__FPA__FPA_S0MUL18ll_BPA_GE1ll_BPA_AND_FPA__FPA_S0MUL18ll_BPA_LE1023ll_BPA__BPA_AND_FPA__FPA_S0MUL18ll_BPA_LE2147483647ll_BPA__BPA___kernel
8210157876,3456,6550,3,1,1,4,32,1,159,0.000,0.001,None,,None,None,NVIDIA A100-SXM4-80GB (0),1,20,"std::enable_if<!T7, void>::type internal::gemvx::kernel<int, int, float, float, float, float, (bool)0, (bool)1, (bool)1, (bool)0, (int)7, (bool)0, cublasGemvParamsEx<int, cublasGemvTensorStridedBatched<const float>, cublasGemvTensorStridedBatched<const float>, cublasGemvTensorStridedBatched<float>, float>>(T13)"
8210175795,2400,6554,3,1,1,32,1,1,16,0.000,0.000,None,,None,None,NVIDIA A100-SXM4-80GB (0),1,20,fn_reshape_gs_bc_add_full_full_full_full_gs_bc_mul_gs_bc_add_gs_bc_min_gs_bc_max_gs_bc_mul__17594470531925998404_COND__FPA__FPA__FPA__FPA__FPA__FPA_S0MULS1_BPA_MULS2_BPA_MUL72ll_BPA_GE1ll_BPA_AND_FPA__FPA__FPA__FPA_S0MULS1_BPA_MULS2_BPA_MUL72ll_BPA_LE1023ll_BPA__BPA_AND_FPA__FPA__FPA_S0MUL72ll_BPA_LE2147483647ll_BPA_AND_FPA__FPA__FPA__FPA_S0MULS1_BPA_MULS2_BPA_MUL72ll_BPA_LE2147483647ll_BPA__BPA__BPA___kernel
8210450162,3968,6560,2,1,1,16,1,1,48,0.000,0.000,None,,None,None,NVIDIA A100-SXM4-80GB (0),1,20,"void phi::VecReduceKernel<(int)128, (int)4, phi::ReduceExecutor<float, phi::kps::MeanOps<float, float, float>, float, (int)4, (int)4>>(T3)"
8210517778,3040,6564,3,1,1,128,1,1,47,0.002,0.000,None,,None,None,NVIDIA A100-SXM4-80GB (0),1,20,"void gemv2T_kernel_val<int, int, float, float, float, float, (int)128, (int)16, (int)2, (int)2, (bool)0, (bool)0, cublasGemvParamsEx<int, cublasGemvTensorStridedBatched<const float>, cublasGemvTensorStridedBatched<const float>, cublasGemvTensorStridedBatched<float>, float>>(T13, T6, T6)"
8210540530,2144,6568,1,1,1,32,1,1,16,0.000,0.000,None,,None,None,NVIDIA A100-SXM4-80GB (0),1,20,fn_reshape_gs_bc_add_full_gs_bc_max__11008249055510313070_COND__FPA__FPA__FPA__FPA_S0MUL18ll_BPA_GE1ll_BPA_AND_FPA__FPA_S0MUL18ll_BPA_LE1023ll_BPA__BPA_AND_FPA__FPA_S0MUL18ll_BPA_LE2147483647ll_BPA__BPA___kernel
8210583089,3328,6571,3,1,1,4,32,1,159,0.000,0.001,None,,None,None,NVIDIA A100-SXM4-80GB (0),1,20,"std::enable_if<!T7, void>::type internal::gemvx::kernel<int, int, float, float, float, float, (bool)0, (bool)1, (bool)1, (bool)0, (int)7, (bool)0, cublasGemvParamsEx<int, cublasGemvTensorStridedBatched<const float>, cublasGemvTensorStridedBatched<const float>, cublasGemvTensorStridedBatched<float>, float>>(T13)"
8210601329,2368,6575,3,1,1,32,1,1,16,0.000,0.000,None,,None,None,NVIDIA A100-SXM4-80GB (0),1,20,fn_reshape_gs_bc_add_full_full_full_full_gs_bc_mul_gs_bc_add_gs_bc_min_gs_bc_max_gs_bc_mul__17594470531925998404_COND__FPA__FPA__FPA__FPA__FPA__FPA_S0MULS1_BPA_MULS2_BPA_MUL72ll_BPA_GE1ll_BPA_AND_FPA__FPA__FPA__FPA_S0MULS1_BPA_MULS2_BPA_MUL72ll_BPA_LE1023ll_BPA__BPA_AND_FPA__FPA__FPA_S0MUL72ll_BPA_LE2147483647ll_BPA_AND_FPA__FPA__FPA__FPA_S0MULS1_BPA_MULS2_BPA_MUL72ll_BPA_LE2147483647ll_BPA__BPA__BPA___kernel
8210876720,3968,6581,2,1,1,16,1,1,48,0.000,0.000,None,,None,None,NVIDIA A100-SXM4-80GB (0),1,20,"void phi::VecReduceKernel<(int)128, (int)4, phi::ReduceExecutor<float, phi::kps::MeanOps<float, float, float>, float, (int)4, (int)4>>(T3)"
8210946736,3136,6585,3,1,1,128,1,1,47,0.002,0.000,None,,None,None,NVIDIA A100-SXM4-80GB (0),1,20,"void gemv2T_kernel_val<int, int, float, float, float, float, (int)128, (int)16, (int)2, (int)2, (bool)0, (bool)0, cublasGemvParamsEx<int, cublasGemvTensorStridedBatched<const float>, cublasGemvTensorStridedBatched<const float>, cublasGemvTensorStridedBatched<float>, float>>(T13, T6, T6)"
8210969872,2175,6589,1,1,1,32,1,1,16,0.000,0.000,None,,None,None,NVIDIA A100-SXM4-80GB (0),1,20,fn_reshape_gs_bc_add_full_gs_bc_max__11008249055510313070_COND__FPA__FPA__FPA__FPA_S0MUL18ll_BPA_GE1ll_BPA_AND_FPA__FPA_S0MUL18ll_BPA_LE1023ll_BPA__BPA_AND_FPA__FPA_S0MUL18ll_BPA_LE2147483647ll_BPA__BPA___kernel
8211012048,3455,6592,3,1,1,4,32,1,159,0.000,0.001,None,,None,None,NVIDIA A100-SXM4-80GB (0),1,20,"std::enable_if<!T7, void>::type internal::gemvx::kernel<int, int, float, float, float, float, (bool)0, (bool)1, (bool)1, (bool)0, (int)7, (bool)0, cublasGemvParamsEx<int, cublasGemvTensorStridedBatched<const float>, cublasGemvTensorStridedBatched<const float>, cublasGemvTensorStridedBatched<float>, float>>(T13)"
8211029327,2368,6596,3,1,1,32,1,1,16,0.000,0.000,None,,None,None,NVIDIA A100-SXM4-80GB (0),1,20,fn_reshape_gs_bc_add_full_full_full_full_gs_bc_mul_gs_bc_add_gs_bc_min_gs_bc_max_gs_bc_mul__17594470531925998404_COND__FPA__FPA__FPA__FPA__FPA__FPA_S0MULS1_BPA_MULS2_BPA_MUL72ll_BPA_GE1ll_BPA_AND_FPA__FPA__FPA__FPA_S0MULS1_BPA_MULS2_BPA_MUL72ll_BPA_LE1023ll_BPA__BPA_AND_FPA__FPA__FPA_S0MUL72ll_BPA_LE2147483647ll_BPA_AND_FPA__FPA__FPA__FPA_S0MULS1_BPA_MULS2_BPA_MUL72ll_BPA_LE2147483647ll_BPA__BPA__BPA___kernel
8211295374,3968,6602,2,1,1,16,1,1,48,0.000,0.000,None,,None,None,NVIDIA A100-SXM4-80GB (0),1,20,"void phi::VecReduceKernel<(int)128, (int)4, phi::ReduceExecutor<float, phi::kps::MeanOps<float, float, float>, float, (int)4, (int)4>>(T3)"
8211362254,3040,6606,3,1,1,128,1,1,47,0.002,0.000,None,,None,None,NVIDIA A100-SXM4-80GB (0),1,20,"void gemv2T_kernel_val<int, int, float, float, float, float, (int)128, (int)16, (int)2, (int)2, (bool)0, (bool)0, cublasGemvParamsEx<int, cublasGemvTensorStridedBatched<const float>, cublasGemvTensorStridedBatched<const float>, cublasGemvTensorStridedBatched<float>, float>>(T13, T6, T6)"
8211384750,2144,6610,1,1,1,32,1,1,16,0.000,0.000,None,,None,None,NVIDIA A100-SXM4-80GB (0),1,20,fn_reshape_gs_bc_add_full_gs_bc_max__11008249055510313070_COND__FPA__FPA__FPA__FPA_S0MUL18ll_BPA_GE1ll_BPA_AND_FPA__FPA_S0MUL18ll_BPA_LE1023ll_BPA__BPA_AND_FPA__FPA_S0MUL18ll_BPA_LE2147483647ll_BPA__BPA___kernel
8211433262,3328,6613,3,1,1,4,32,1,159,0.000,0.001,None,,None,None,NVIDIA A100-SXM4-80GB (0),1,20,"std::enable_if<!T7, void>::type internal::gemvx::kernel<int, int, float, float, float, float, (bool)0, (bool)1, (bool)1, (bool)0, (int)7, (bool)0, cublasGemvParamsEx<int, cublasGemvTensorStridedBatched<const float>, cublasGemvTensorStridedBatched<const float>, cublasGemvTensorStridedBatched<float>, float>>(T13)"
8211451790,2368,6617,3,1,1,32,1,1,16,0.000,0.000,None,,None,None,NVIDIA A100-SXM4-80GB (0),1,20,fn_reshape_gs_bc_add_full_full_full_full_gs_bc_mul_gs_bc_add_gs_bc_min_gs_bc_max_gs_bc_mul__17594470531925998404_COND__FPA__FPA__FPA__FPA__FPA__FPA_S0MULS1_BPA_MULS2_BPA_MUL72ll_BPA_GE1ll_BPA_AND_FPA__FPA__FPA__FPA_S0MULS1_BPA_MULS2_BPA_MUL72ll_BPA_LE1023ll_BPA__BPA_AND_FPA__FPA__FPA_S0MUL72ll_BPA_LE2147483647ll_BPA_AND_FPA__FPA__FPA__FPA_S0MULS1_BPA_MULS2_BPA_MUL72ll_BPA_LE2147483647ll_BPA__BPA__BPA___kernel
